,predicted,ground_truth
0,crabeater,crabeater
1,crabeater,crabeater
2,crabeater,crabeater
3,crabeater,crabeater
4,crabeater,crabeater
5,crabeater,crabeater
6,crabeater,crabeater
7,crabeater,crabeater
0,crabeater,crabeater
1,crabeater,crabeater
2,crabeater,crabeater
3,crabeater,crabeater
4,crabeater,crabeater
5,crabeater,crabeater
6,crabeater,crabeater
7,crabeater,crabeater
0,crabeater,crabeater
1,crabeater,crabeater
2,crabeater,crabeater
3,crabeater,crabeater
4,crabeater,crabeater
5,crabeater,crabeater
6,crabeater,crabeater
7,crabeater,crabeater
0,crabeater,crabeater
1,crabeater,crabeater
2,crabeater,crabeater
3,pack-ice,crabeater
4,pack-ice,crabeater
5,crabeater,crabeater
6,crabeater,crabeater
7,crabeater,crabeater
0,crabeater,crabeater
1,crabeater,crabeater
2,crabeater,crabeater
3,crabeater,crabeater
4,crabeater,crabeater
5,crabeater,crabeater
6,crabeater,crabeater
7,crabeater,crabeater
0,crabeater,crabeater
1,crabeater,crabeater
2,crabeater,crabeater
3,crabeater,crabeater
4,crabeater,crabeater
5,crabeater,crabeater
6,crabeater,crabeater
7,crabeater,crabeater
0,crabeater,crabeater
1,crabeater,crabeater
2,crabeater,crabeater
3,crabeater,crabeater
4,crabeater,crabeater
5,crabeater,crabeater
6,crabeater,crabeater
7,crabeater,crabeater
0,crabeater,crabeater
1,crabeater,crabeater
2,crabeater,crabeater
3,pack-ice,crabeater
4,pack-ice,crabeater
5,pack-ice,crabeater
6,crabeater,crabeater
7,crabeater,crabeater
0,crabeater,crabeater
1,crabeater,crabeater
2,crabeater,crabeater
3,crabeater,crabeater
4,crabeater,crabeater
5,crabeater,crabeater
6,crabeater,crabeater
7,crabeater,crabeater
0,crabeater,crabeater
1,crabeater,crabeater
2,pack-ice,crabeater
3,crabeater,crabeater
4,crabeater,crabeater
5,crabeater,crabeater
6,crabeater,crabeater
7,crabeater,crabeater
0,crabeater,crabeater
1,crabeater,crabeater
2,crabeater,crabeater
3,crabeater,crabeater
4,crabeater,crabeater
5,crabeater,crabeater
6,crabeater,crabeater
7,crabeater,crabeater
0,crabeater,crabeater
1,crabeater,crabeater
2,crabeater,crabeater
3,crabeater,crabeater
4,crabeater,crabeater
5,crabeater,crabeater
6,crabeater,crabeater
7,crabeater,crabeater
0,crabeater,crabeater
1,crabeater,crabeater
2,crabeater,crabeater
3,crabeater,crabeater
4,crabeater,crabeater
5,crabeater,crabeater
6,crabeater,crabeater
7,crabeater,crabeater
0,crabeater,crabeater
1,crabeater,crabeater
2,crabeater,crabeater
3,crabeater,crabeater
4,crabeater,crabeater
5,crabeater,crabeater
6,crabeater,crabeater
7,crabeater,crabeater
0,crabeater,crabeater
1,crabeater,crabeater
2,crabeater,crabeater
3,crabeater,crabeater
4,crabeater,crabeater
5,crabeater,crabeater
6,crabeater,crabeater
7,crabeater,crabeater
0,crabeater,crabeater
1,crabeater,crabeater
2,crabeater,crabeater
3,crabeater,crabeater
4,crabeater,crabeater
5,crabeater,crabeater
6,crabeater,crabeater
7,crabeater,crabeater
0,crabeater,crabeater
1,crabeater,crabeater
2,crabeater,crabeater
3,crabeater,crabeater
4,crabeater,crabeater
5,crabeater,crabeater
6,crabeater,crabeater
7,crabeater,crabeater
0,crabeater,crabeater
1,crabeater,crabeater
2,crabeater,crabeater
3,crabeater,crabeater
4,crabeater,crabeater
5,crabeater,crabeater
6,crabeater,crabeater
7,crabeater,crabeater
0,crabeater,crabeater
1,crabeater,crabeater
2,crabeater,crabeater
3,crabeater,crabeater
4,crabeater,crabeater
5,crabeater,crabeater
6,crabeater,crabeater
7,crabeater,crabeater
0,crabeater,crabeater
1,crabeater,crabeater
2,crabeater,crabeater
3,crabeater,crabeater
4,crabeater,crabeater
5,crabeater,crabeater
6,crabeater,crabeater
7,crabeater,crabeater
0,crabeater,crabeater
1,crabeater,crabeater
2,crabeater,crabeater
3,crabeater,crabeater
4,crabeater,crabeater
5,crabeater,crabeater
6,crabeater,crabeater
7,crabeater,crabeater
0,crabeater,crabeater
1,crabeater,crabeater
2,crabeater,crabeater
3,crabeater,crabeater
4,crabeater,crabeater
5,crabeater,crabeater
6,crabeater,crabeater
7,crabeater,crabeater
0,crabeater,crabeater
1,crabeater,crabeater
2,crabeater,crabeater
3,crabeater,crabeater
4,crabeater,crabeater
5,crabeater,crabeater
6,crabeater,crabeater
7,crabeater,crabeater
0,crabeater,crabeater
1,crabeater,crabeater
2,crabeater,crabeater
3,crabeater,crabeater
4,crabeater,crabeater
5,crabeater,crabeater
6,crabeater,crabeater
7,crabeater,crabeater
0,crabeater,crabeater
1,crabeater,crabeater
2,crabeater,crabeater
3,crabeater,crabeater
4,crabeater,crabeater
5,crabeater,crabeater
6,crabeater,crabeater
7,crabeater,crabeater
0,crabeater,crabeater
1,crabeater,crabeater
2,crabeater,crabeater
3,crabeater,crabeater
4,crabeater,crabeater
5,crabeater,crabeater
6,crabeater,crabeater
7,crabeater,crabeater
0,crabeater,crabeater
1,crabeater,crabeater
2,crabeater,crabeater
3,crabeater,crabeater
4,crabeater,crabeater
5,crabeater,crabeater
6,crabeater,crabeater
7,crabeater,crabeater
0,crabeater,crabeater
1,crabeater,crabeater
2,crabeater,crabeater
3,crabeater,crabeater
4,crabeater,crabeater
5,crabeater,crabeater
6,crabeater,crabeater
7,crabeater,crabeater
0,crabeater,crabeater
1,crabeater,crabeater
2,crabeater,crabeater
3,crabeater,crabeater
4,crabeater,crabeater
5,crabeater,crabeater
6,crabeater,crabeater
7,crabeater,crabeater
0,crabeater,crabeater
1,crabeater,crabeater
2,crabeater,crabeater
3,crabeater,crabeater
4,crabeater,crabeater
5,crabeater,crabeater
6,crabeater,crabeater
7,crabeater,crabeater
0,crabeater,crabeater
1,crabeater,crabeater
2,crabeater,crabeater
3,crabeater,crabeater
4,crabeater,crabeater
5,crabeater,crabeater
6,crabeater,crabeater
7,crabeater,crabeater
0,crabeater,crabeater
1,crabeater,crabeater
2,crabeater,crabeater
3,crabeater,crabeater
4,crabeater,crabeater
5,crabeater,crabeater
6,crabeater,crabeater
7,crabeater,crabeater
0,crabeater,crabeater
1,crabeater,crabeater
2,crabeater,crabeater
3,crabeater,crabeater
4,crabeater,crabeater
5,crabeater,crabeater
6,crabeater,crabeater
7,crabeater,crabeater
0,crabeater,crabeater
1,crabeater,crabeater
2,crabeater,crabeater
3,crabeater,crabeater
4,crabeater,crabeater
5,crabeater,crabeater
6,crabeater,crabeater
7,crabeater,crabeater
0,crabeater,crabeater
1,crabeater,crabeater
2,crabeater,crabeater
3,crabeater,crabeater
4,crabeater,crabeater
5,crabeater,crabeater
6,crabeater,crabeater
7,crabeater,crabeater
0,crabeater,crabeater
1,crabeater,crabeater
2,crabeater,crabeater
3,crabeater,crabeater
4,crabeater,crabeater
5,crabeater,crabeater
6,crabeater,crabeater
7,crabeater,crabeater
0,crabeater,crabeater
1,crabeater,crabeater
2,crabeater,crabeater
3,crabeater,crabeater
4,crabeater,crabeater
5,crabeater,crabeater
6,crabeater,crabeater
7,crabeater,crabeater
0,crabeater,crabeater
1,crabeater,crabeater
2,crabeater,crabeater
3,crabeater,crabeater
4,crabeater,crabeater
5,crabeater,crabeater
6,crabeater,crabeater
7,crabeater,crabeater
0,crabeater,crabeater
1,crabeater,crabeater
2,crabeater,crabeater
3,crabeater,crabeater
4,crabeater,crabeater
5,crabeater,crabeater
6,crabeater,crabeater
7,crabeater,crabeater
0,crabeater,crabeater
1,crabeater,crabeater
2,crabeater,crabeater
3,crabeater,crabeater
4,crabeater,crabeater
5,crabeater,crabeater
6,crabeater,crabeater
7,crabeater,crabeater
0,crabeater,crabeater
1,crabeater,crabeater
2,crabeater,crabeater
3,crabeater,crabeater
4,crabeater,crabeater
5,crabeater,crabeater
6,crabeater,crabeater
7,crabeater,crabeater
0,crabeater,crabeater
1,crabeater,crabeater
2,crabeater,crabeater
3,crabeater,crabeater
4,crabeater,crabeater
5,crabeater,crabeater
6,crabeater,crabeater
7,crabeater,crabeater
0,crabeater,crabeater
1,crabeater,crabeater
2,crabeater,crabeater
3,crabeater,crabeater
4,crabeater,crabeater
5,crabeater,crabeater
6,crabeater,crabeater
7,crabeater,crabeater
0,crabeater,crabeater
1,crabeater,crabeater
2,crabeater,crabeater
3,crabeater,crabeater
4,crabeater,crabeater
5,crabeater,crabeater
6,crabeater,crabeater
7,crabeater,crabeater
0,crabeater,crabeater
1,crabeater,crabeater
2,crabeater,crabeater
3,crabeater,crabeater
4,crabeater,crabeater
5,crabeater,crabeater
6,crabeater,crabeater
7,crabeater,crabeater
0,crabeater,crabeater
1,crabeater,crabeater
2,crabeater,crabeater
3,crabeater,crabeater
4,crabeater,crabeater
5,crabeater,crabeater
6,crabeater,crabeater
7,crabeater,crabeater
0,crabeater,crabeater
1,crabeater,crabeater
2,crabeater,crabeater
3,crabeater,crabeater
4,crabeater,crabeater
5,crabeater,crabeater
6,crabeater,crabeater
7,crabeater,crabeater
0,crabeater,crabeater
1,crabeater,crabeater
2,crabeater,crabeater
3,crabeater,crabeater
4,crabeater,crabeater
5,crabeater,crabeater
6,crabeater,crabeater
7,crabeater,crabeater
0,crabeater,crabeater
1,crabeater,crabeater
2,crabeater,crabeater
3,crabeater,crabeater
4,crabeater,crabeater
5,crabeater,crabeater
6,crabeater,crabeater
7,crabeater,crabeater
0,crabeater,crabeater
1,crabeater,crabeater
2,crabeater,crabeater
3,crabeater,crabeater
4,crabeater,crabeater
5,crabeater,crabeater
6,crabeater,crabeater
7,crabeater,crabeater
0,crabeater,crabeater
1,crabeater,crabeater
2,crabeater,crabeater
3,crabeater,crabeater
4,crabeater,crabeater
5,crabeater,crabeater
6,crabeater,crabeater
7,crabeater,crabeater
0,crabeater,crabeater
1,crabeater,crabeater
2,crabeater,crabeater
3,crabeater,crabeater
4,crabeater,crabeater
5,crabeater,crabeater
6,crabeater,crabeater
7,crabeater,crabeater
0,crabeater,crabeater
1,crabeater,crabeater
2,crabeater,crabeater
3,crabeater,crabeater
4,crabeater,crabeater
5,crabeater,crabeater
6,crabeater,crabeater
7,crabeater,crabeater
0,crabeater,crabeater
1,crabeater,crabeater
2,crabeater,crabeater
3,crabeater,crabeater
4,crabeater,crabeater
5,crabeater,crabeater
6,crabeater,crabeater
7,crabeater,crabeater
0,crabeater,crabeater
1,crabeater,crabeater
2,crabeater,crabeater
3,crabeater,crabeater
4,crabeater,crabeater
5,crabeater,crabeater
6,crabeater,crabeater
7,crabeater,crabeater
0,crabeater,crabeater
1,crabeater,crabeater
2,crabeater,crabeater
3,crabeater,crabeater
4,crabeater,crabeater
5,crabeater,crabeater
6,crabeater,crabeater
7,crabeater,crabeater
0,crabeater,crabeater
1,crabeater,crabeater
2,crabeater,crabeater
3,crabeater,crabeater
4,crabeater,crabeater
5,crabeater,crabeater
6,crabeater,crabeater
7,crabeater,crabeater
0,crabeater,crabeater
1,crabeater,crabeater
2,crabeater,crabeater
3,crabeater,crabeater
4,crabeater,crabeater
5,crabeater,crabeater
6,crabeater,crabeater
7,crabeater,crabeater
0,crabeater,crabeater
1,crabeater,crabeater
2,crabeater,crabeater
3,crabeater,crabeater
4,crabeater,crabeater
5,crabeater,crabeater
6,crabeater,crabeater
7,crabeater,crabeater
0,crabeater,crabeater
1,crabeater,crabeater
2,crabeater,crabeater
3,crabeater,crabeater
4,crabeater,crabeater
5,crabeater,crabeater
6,crabeater,crabeater
7,crabeater,crabeater
0,crabeater,crabeater
1,crabeater,crabeater
2,crabeater,crabeater
3,crabeater,crabeater
4,crabeater,crabeater
5,crabeater,crabeater
6,crabeater,crabeater
7,crabeater,crabeater
0,crabeater,crabeater
1,crabeater,crabeater
2,crabeater,crabeater
3,crabeater,crabeater
4,crabeater,crabeater
5,crabeater,crabeater
6,crabeater,crabeater
7,crabeater,crabeater
0,crabeater,crabeater
1,crabeater,crabeater
2,crabeater,crabeater
3,crabeater,crabeater
4,crabeater,crabeater
5,crabeater,crabeater
6,crabeater,crabeater
7,crabeater,crabeater
0,crabeater,crabeater
1,crabeater,crabeater
2,crabeater,crabeater
3,crabeater,crabeater
4,crabeater,crabeater
5,crabeater,crabeater
6,crabeater,crabeater
7,crabeater,crabeater
0,crabeater,crabeater
1,crabeater,crabeater
2,crabeater,crabeater
3,crabeater,crabeater
4,crabeater,crabeater
5,crabeater,crabeater
6,crabeater,crabeater
7,crabeater,crabeater
0,crabeater,crabeater
1,crabeater,crabeater
2,crabeater,crabeater
3,crabeater,crabeater
4,crabeater,crabeater
5,crabeater,crabeater
6,crabeater,crabeater
7,crabeater,crabeater
0,crabeater,crabeater
1,crabeater,crabeater
2,crabeater,crabeater
3,crabeater,crabeater
4,crabeater,crabeater
5,crabeater,crabeater
6,crabeater,crabeater
7,crabeater,crabeater
0,crabeater,crabeater
1,crabeater,crabeater
2,crabeater,crabeater
3,crabeater,crabeater
4,crabeater,crabeater
5,crabeater,crabeater
6,emperor,emperor
7,emperor,emperor
0,emperor,emperor
1,emperor,emperor
2,emperor,emperor
3,emperor,emperor
4,weddell,emperor
5,emperor,emperor
6,weddell,emperor
7,emperor,emperor
0,other,emperor
1,other,emperor
2,other,emperor
3,other,emperor
4,other,emperor
5,emperor,emperor
6,emperor,emperor
7,emperor,emperor
0,emperor,emperor
1,emperor,emperor
2,emperor,emperor
3,emperor,emperor
4,emperor,emperor
5,emperor,emperor
6,emperor,emperor
7,emperor,emperor
0,emperor,emperor
1,emperor,emperor
2,emperor,emperor
3,emperor,emperor
4,emperor,emperor
5,emperor,emperor
6,emperor,emperor
7,emperor,emperor
0,emperor,emperor
1,emperor,emperor
2,emperor,emperor
3,emperor,emperor
4,emperor,emperor
5,emperor,emperor
6,emperor,emperor
7,emperor,emperor
0,emperor,emperor
1,emperor,emperor
2,emperor,emperor
3,emperor,emperor
4,emperor,emperor
5,emperor,emperor
6,emperor,emperor
7,emperor,emperor
0,emperor,emperor
1,emperor,emperor
2,emperor,emperor
3,emperor,emperor
4,emperor,emperor
5,emperor,emperor
6,emperor,emperor
7,emperor,emperor
0,emperor,emperor
1,emperor,emperor
2,emperor,emperor
3,emperor,emperor
4,emperor,emperor
5,emperor,emperor
6,emperor,emperor
7,emperor,emperor
0,emperor,emperor
1,emperor,emperor
2,emperor,emperor
3,emperor,emperor
4,emperor,emperor
5,emperor,emperor
6,emperor,emperor
7,emperor,emperor
0,emperor,emperor
1,emperor,emperor
2,emperor,emperor
3,emperor,emperor
4,emperor,emperor
5,emperor,emperor
6,emperor,emperor
7,emperor,emperor
0,emperor,emperor
1,emperor,emperor
2,emperor,emperor
3,emperor,emperor
4,emperor,emperor
5,emperor,emperor
6,emperor,emperor
7,emperor,emperor
0,emperor,emperor
1,emperor,emperor
2,emperor,emperor
3,emperor,emperor
4,emperor,emperor
5,emperor,emperor
6,emperor,emperor
7,emperor,emperor
0,emperor,emperor
1,emperor,emperor
2,emperor,emperor
3,emperor,emperor
4,emperor,emperor
5,emperor,emperor
6,emperor,emperor
7,emperor,emperor
0,emperor,emperor
1,emperor,emperor
2,emperor,emperor
3,emperor,emperor
4,emperor,emperor
5,emperor,emperor
6,emperor,emperor
7,emperor,emperor
0,emperor,emperor
1,emperor,emperor
2,emperor,emperor
3,emperor,emperor
4,emperor,emperor
5,emperor,emperor
6,emperor,emperor
7,emperor,emperor
0,emperor,emperor
1,emperor,emperor
2,emperor,emperor
3,emperor,emperor
4,emperor,emperor
5,emperor,emperor
6,emperor,emperor
7,emperor,emperor
0,emperor,emperor
1,emperor,emperor
2,emperor,emperor
3,emperor,emperor
4,emperor,emperor
5,emperor,emperor
6,emperor,emperor
7,emperor,emperor
0,emperor,emperor
1,emperor,emperor
2,emperor,emperor
3,emperor,emperor
4,emperor,emperor
5,emperor,emperor
6,emperor,emperor
7,emperor,emperor
0,emperor,emperor
1,emperor,emperor
2,emperor,emperor
3,emperor,emperor
4,emperor,emperor
5,emperor,emperor
6,emperor,emperor
7,emperor,emperor
0,emperor,emperor
1,emperor,emperor
2,emperor,emperor
3,emperor,emperor
4,emperor,emperor
5,emperor,emperor
6,emperor,emperor
7,emperor,emperor
0,emperor,emperor
1,emperor,emperor
2,emperor,emperor
3,emperor,emperor
4,emperor,emperor
5,emperor,emperor
6,emperor,emperor
7,emperor,emperor
0,emperor,emperor
1,emperor,emperor
2,emperor,emperor
3,emperor,emperor
4,emperor,emperor
5,emperor,emperor
6,emperor,emperor
7,emperor,emperor
0,emperor,emperor
1,emperor,emperor
2,emperor,emperor
3,emperor,emperor
4,emperor,emperor
5,emperor,emperor
6,emperor,emperor
7,emperor,emperor
0,emperor,emperor
1,emperor,emperor
2,emperor,emperor
3,emperor,emperor
4,emperor,emperor
5,emperor,emperor
6,emperor,emperor
7,emperor,emperor
0,emperor,emperor
1,emperor,emperor
2,emperor,emperor
3,emperor,emperor
4,emperor,emperor
5,emperor,emperor
6,emperor,emperor
7,emperor,emperor
0,emperor,emperor
1,emperor,emperor
2,emperor,emperor
3,emperor,emperor
4,emperor,emperor
5,emperor,emperor
6,emperor,emperor
7,emperor,emperor
0,emperor,emperor
1,emperor,emperor
2,emperor,emperor
3,emperor,emperor
4,emperor,emperor
5,emperor,emperor
6,emperor,emperor
7,emperor,emperor
0,emperor,emperor
1,emperor,emperor
2,emperor,emperor
3,emperor,emperor
4,emperor,emperor
5,emperor,emperor
6,emperor,emperor
7,emperor,emperor
0,emperor,emperor
1,emperor,emperor
2,emperor,emperor
3,emperor,emperor
4,emperor,emperor
5,emperor,emperor
6,emperor,emperor
7,emperor,emperor
0,emperor,emperor
1,emperor,emperor
2,emperor,emperor
3,emperor,emperor
4,emperor,emperor
5,emperor,emperor
6,emperor,emperor
7,emperor,emperor
0,emperor,emperor
1,emperor,emperor
2,emperor,emperor
3,emperor,emperor
4,emperor,emperor
5,emperor,emperor
6,emperor,emperor
7,emperor,emperor
0,emperor,emperor
1,emperor,emperor
2,emperor,emperor
3,emperor,emperor
4,emperor,emperor
5,emperor,emperor
6,emperor,emperor
7,emperor,emperor
0,emperor,emperor
1,emperor,emperor
2,emperor,emperor
3,emperor,emperor
4,emperor,emperor
5,emperor,emperor
6,emperor,emperor
7,emperor,emperor
0,emperor,emperor
1,emperor,emperor
2,emperor,emperor
3,emperor,emperor
4,emperor,emperor
5,emperor,emperor
6,emperor,emperor
7,emperor,emperor
0,emperor,emperor
1,emperor,emperor
2,emperor,emperor
3,emperor,emperor
4,emperor,emperor
5,emperor,emperor
6,emperor,emperor
7,emperor,emperor
0,emperor,emperor
1,emperor,emperor
2,emperor,emperor
3,emperor,emperor
4,emperor,emperor
5,emperor,emperor
6,emperor,emperor
7,emperor,emperor
0,emperor,emperor
1,emperor,emperor
2,emperor,emperor
3,emperor,emperor
4,emperor,emperor
5,emperor,emperor
6,emperor,emperor
7,emperor,emperor
0,emperor,emperor
1,emperor,emperor
2,emperor,emperor
3,emperor,emperor
4,emperor,emperor
5,emperor,emperor
6,emperor,emperor
7,emperor,emperor
0,emperor,emperor
1,emperor,emperor
2,emperor,emperor
3,emperor,emperor
4,emperor,emperor
5,emperor,emperor
6,emperor,emperor
7,emperor,emperor
0,emperor,emperor
1,emperor,emperor
2,emperor,emperor
3,emperor,emperor
4,emperor,emperor
5,emperor,emperor
6,emperor,emperor
7,emperor,emperor
0,emperor,emperor
1,emperor,emperor
2,emperor,emperor
3,emperor,emperor
4,emperor,emperor
5,emperor,emperor
6,emperor,emperor
7,emperor,emperor
0,emperor,emperor
1,emperor,emperor
2,emperor,emperor
3,emperor,emperor
4,emperor,emperor
5,emperor,emperor
6,emperor,emperor
7,emperor,emperor
0,emperor,emperor
1,emperor,emperor
2,emperor,emperor
3,emperor,emperor
4,emperor,emperor
5,emperor,emperor
6,emperor,emperor
7,emperor,emperor
0,emperor,emperor
1,emperor,emperor
2,emperor,emperor
3,emperor,emperor
4,emperor,emperor
5,emperor,emperor
6,emperor,emperor
7,emperor,emperor
0,emperor,emperor
1,emperor,emperor
2,emperor,emperor
3,emperor,emperor
4,emperor,emperor
5,emperor,emperor
6,emperor,emperor
7,emperor,emperor
0,emperor,emperor
1,emperor,emperor
2,emperor,emperor
3,emperor,emperor
4,emperor,emperor
5,emperor,emperor
6,emperor,emperor
7,emperor,emperor
0,emperor,emperor
1,emperor,emperor
2,emperor,emperor
3,emperor,emperor
4,emperor,emperor
5,emperor,emperor
6,emperor,emperor
7,emperor,emperor
0,emperor,emperor
1,emperor,emperor
2,emperor,emperor
3,emperor,emperor
4,emperor,emperor
5,emperor,emperor
6,emperor,emperor
7,emperor,emperor
0,emperor,emperor
1,emperor,emperor
2,emperor,emperor
3,emperor,emperor
4,emperor,emperor
5,emperor,emperor
6,emperor,emperor
7,emperor,emperor
0,emperor,emperor
1,emperor,emperor
2,emperor,emperor
3,emperor,emperor
4,emperor,emperor
5,emperor,emperor
6,emperor,emperor
7,emperor,emperor
0,emperor,emperor
1,emperor,emperor
2,emperor,emperor
3,emperor,emperor
4,emperor,emperor
5,emperor,emperor
6,emperor,emperor
7,emperor,emperor
0,emperor,emperor
1,emperor,emperor
2,emperor,emperor
3,emperor,emperor
4,emperor,emperor
5,emperor,emperor
6,emperor,emperor
7,emperor,emperor
0,emperor,emperor
1,emperor,emperor
2,weddell,emperor
3,emperor,emperor
4,emperor,emperor
5,emperor,emperor
6,emperor,emperor
7,emperor,emperor
0,emperor,emperor
1,emperor,emperor
2,emperor,emperor
3,emperor,emperor
4,emperor,emperor
5,emperor,emperor
6,emperor,emperor
7,emperor,emperor
0,emperor,emperor
1,emperor,emperor
2,emperor,emperor
3,emperor,emperor
4,emperor,emperor
5,emperor,emperor
6,emperor,emperor
7,emperor,emperor
0,emperor,emperor
1,emperor,emperor
2,emperor,emperor
3,emperor,emperor
4,emperor,emperor
5,emperor,emperor
6,emperor,emperor
7,emperor,emperor
0,emperor,emperor
1,emperor,emperor
2,emperor,emperor
3,emperor,emperor
4,emperor,emperor
5,emperor,emperor
6,emperor,emperor
7,emperor,emperor
0,emperor,emperor
1,emperor,emperor
2,emperor,emperor
3,emperor,emperor
4,emperor,emperor
5,emperor,emperor
6,emperor,emperor
7,weddell,emperor
0,emperor,emperor
1,emperor,emperor
2,emperor,emperor
3,emperor,emperor
4,emperor,emperor
5,emperor,emperor
6,emperor,emperor
7,emperor,emperor
0,emperor,emperor
1,emperor,emperor
2,emperor,emperor
3,emperor,emperor
4,emperor,emperor
5,emperor,emperor
6,emperor,emperor
7,emperor,emperor
0,emperor,emperor
1,emperor,emperor
2,emperor,emperor
3,emperor,emperor
4,emperor,emperor
5,emperor,emperor
6,emperor,emperor
7,emperor,emperor
0,emperor,emperor
1,emperor,emperor
2,emperor,emperor
3,emperor,emperor
4,emperor,emperor
5,emperor,emperor
6,emperor,emperor
7,emperor,emperor
0,emperor,emperor
1,emperor,emperor
2,emperor,emperor
3,emperor,emperor
4,emperor,emperor
5,emperor,emperor
6,emperor,emperor
7,emperor,emperor
0,emperor,emperor
1,emperor,emperor
2,emperor,emperor
3,emperor,emperor
4,emperor,emperor
5,emperor,emperor
6,emperor,emperor
7,emperor,emperor
0,emperor,emperor
1,emperor,emperor
2,emperor,emperor
3,emperor,emperor
4,emperor,emperor
5,emperor,emperor
6,emperor,emperor
7,emperor,emperor
0,emperor,emperor
1,emperor,emperor
2,emperor,emperor
3,emperor,emperor
4,emperor,emperor
5,emperor,emperor
6,emperor,emperor
7,emperor,emperor
0,emperor,emperor
1,emperor,emperor
2,emperor,emperor
3,emperor,emperor
4,emperor,emperor
5,emperor,emperor
6,emperor,emperor
7,emperor,emperor
0,emperor,emperor
1,emperor,emperor
2,emperor,emperor
3,emperor,emperor
4,emperor,emperor
5,emperor,emperor
6,emperor,emperor
7,emperor,emperor
0,emperor,emperor
1,emperor,emperor
2,emperor,emperor
3,emperor,emperor
4,emperor,emperor
5,emperor,emperor
6,emperor,emperor
7,emperor,emperor
0,emperor,emperor
1,emperor,emperor
2,emperor,emperor
3,emperor,emperor
4,emperor,emperor
5,emperor,emperor
6,emperor,emperor
7,emperor,emperor
0,emperor,emperor
1,emperor,emperor
2,emperor,emperor
3,emperor,emperor
4,emperor,emperor
5,emperor,emperor
6,emperor,emperor
7,emperor,emperor
0,emperor,emperor
1,emperor,emperor
2,emperor,emperor
3,emperor,emperor
4,emperor,emperor
5,emperor,emperor
6,emperor,emperor
7,emperor,emperor
0,emperor,emperor
1,emperor,emperor
2,emperor,emperor
3,emperor,emperor
4,emperor,emperor
5,emperor,emperor
6,emperor,emperor
7,emperor,emperor
0,emperor,emperor
1,emperor,emperor
2,emperor,emperor
3,emperor,emperor
4,emperor,emperor
5,emperor,emperor
6,emperor,emperor
7,emperor,emperor
0,emperor,emperor
1,emperor,emperor
2,emperor,emperor
3,emperor,emperor
4,emperor,emperor
5,emperor,emperor
6,emperor,emperor
7,emperor,emperor
0,emperor,emperor
1,emperor,emperor
2,emperor,emperor
3,emperor,emperor
4,emperor,emperor
5,emperor,emperor
6,emperor,emperor
7,emperor,emperor
0,emperor,emperor
1,emperor,emperor
2,emperor,emperor
3,emperor,emperor
4,emperor,emperor
5,emperor,emperor
6,emperor,emperor
7,emperor,emperor
0,emperor,emperor
1,emperor,emperor
2,emperor,emperor
3,emperor,emperor
4,emperor,emperor
5,emperor,emperor
6,emperor,emperor
7,emperor,emperor
0,emperor,emperor
1,emperor,emperor
2,emperor,emperor
3,emperor,emperor
4,emperor,emperor
5,emperor,emperor
6,emperor,emperor
7,emperor,emperor
0,emperor,emperor
1,emperor,emperor
2,emperor,emperor
3,emperor,emperor
4,emperor,emperor
5,emperor,emperor
6,emperor,emperor
7,emperor,emperor
0,emperor,emperor
1,emperor,emperor
2,emperor,emperor
3,emperor,emperor
4,emperor,emperor
5,emperor,emperor
6,emperor,emperor
7,emperor,emperor
0,emperor,emperor
1,emperor,emperor
2,emperor,emperor
3,emperor,emperor
4,emperor,emperor
5,emperor,emperor
6,emperor,emperor
7,emperor,emperor
0,emperor,emperor
1,emperor,emperor
2,emperor,emperor
3,emperor,emperor
4,emperor,emperor
5,emperor,emperor
6,emperor,emperor
7,emperor,emperor
0,emperor,emperor
1,emperor,emperor
2,emperor,emperor
3,emperor,emperor
4,emperor,emperor
5,emperor,emperor
6,emperor,emperor
7,emperor,emperor
0,emperor,emperor
1,emperor,emperor
2,emperor,emperor
3,emperor,emperor
4,emperor,emperor
5,emperor,emperor
6,emperor,emperor
7,emperor,emperor
0,emperor,emperor
1,emperor,emperor
2,emperor,emperor
3,emperor,emperor
4,emperor,emperor
5,emperor,emperor
6,emperor,emperor
7,emperor,emperor
0,emperor,emperor
1,emperor,emperor
2,emperor,emperor
3,emperor,emperor
4,emperor,emperor
5,emperor,emperor
6,emperor,emperor
7,emperor,emperor
0,emperor,emperor
1,emperor,emperor
2,emperor,emperor
3,emperor,emperor
4,emperor,emperor
5,emperor,emperor
6,emperor,emperor
7,emperor,emperor
0,emperor,emperor
1,emperor,emperor
2,emperor,emperor
3,emperor,emperor
4,emperor,emperor
5,emperor,emperor
6,emperor,emperor
7,emperor,emperor
0,emperor,emperor
1,emperor,emperor
2,emperor,emperor
3,emperor,emperor
4,emperor,emperor
5,emperor,emperor
6,emperor,emperor
7,emperor,emperor
0,emperor,emperor
1,emperor,emperor
2,emperor,emperor
3,emperor,emperor
4,emperor,emperor
5,emperor,emperor
6,emperor,emperor
7,emperor,emperor
0,emperor,emperor
1,emperor,emperor
2,emperor,emperor
3,emperor,emperor
4,emperor,emperor
5,emperor,emperor
6,emperor,emperor
7,emperor,emperor
0,emperor,emperor
1,emperor,emperor
2,emperor,emperor
3,emperor,emperor
4,emperor,emperor
5,emperor,emperor
6,emperor,emperor
7,emperor,emperor
0,emperor,emperor
1,emperor,emperor
2,emperor,emperor
3,emperor,emperor
4,emperor,emperor
5,emperor,emperor
6,emperor,emperor
7,emperor,emperor
0,emperor,emperor
1,emperor,emperor
2,emperor,emperor
3,emperor,emperor
4,emperor,emperor
5,emperor,emperor
6,emperor,emperor
7,emperor,emperor
0,emperor,emperor
1,emperor,emperor
2,emperor,emperor
3,emperor,emperor
4,emperor,emperor
5,emperor,emperor
6,emperor,emperor
7,emperor,emperor
0,emperor,emperor
1,emperor,emperor
2,emperor,emperor
3,emperor,emperor
4,emperor,emperor
5,emperor,emperor
6,emperor,emperor
7,emperor,emperor
0,emperor,emperor
1,emperor,emperor
2,emperor,emperor
3,emperor,emperor
4,emperor,emperor
5,emperor,emperor
6,emperor,emperor
7,emperor,emperor
0,emperor,emperor
1,emperor,emperor
2,emperor,emperor
3,emperor,emperor
4,emperor,emperor
5,emperor,emperor
6,emperor,emperor
7,emperor,emperor
0,emperor,emperor
1,emperor,emperor
2,emperor,emperor
3,emperor,emperor
4,emperor,emperor
5,emperor,emperor
6,emperor,emperor
7,emperor,emperor
0,emperor,emperor
1,emperor,emperor
2,emperor,emperor
3,emperor,emperor
4,emperor,emperor
5,emperor,emperor
6,emperor,emperor
7,emperor,emperor
0,emperor,emperor
1,emperor,emperor
2,emperor,emperor
3,emperor,emperor
4,emperor,emperor
5,emperor,emperor
6,emperor,emperor
7,emperor,emperor
0,emperor,emperor
1,emperor,emperor
2,emperor,emperor
3,emperor,emperor
4,emperor,emperor
5,emperor,emperor
6,emperor,emperor
7,emperor,emperor
0,emperor,emperor
1,emperor,emperor
2,emperor,emperor
3,emperor,emperor
4,emperor,emperor
5,emperor,emperor
6,emperor,emperor
7,emperor,emperor
0,emperor,emperor
1,emperor,emperor
2,emperor,emperor
3,emperor,emperor
4,emperor,emperor
5,emperor,emperor
6,emperor,emperor
7,emperor,emperor
0,emperor,emperor
1,emperor,emperor
2,emperor,emperor
3,emperor,emperor
4,emperor,emperor
5,emperor,emperor
6,emperor,emperor
7,emperor,emperor
0,emperor,emperor
1,emperor,emperor
2,emperor,emperor
3,emperor,emperor
4,emperor,emperor
5,emperor,emperor
6,emperor,emperor
7,emperor,emperor
0,emperor,emperor
1,emperor,emperor
2,weddell,emperor
3,emperor,emperor
4,emperor,emperor
5,emperor,emperor
6,emperor,emperor
7,emperor,emperor
0,emperor,emperor
1,other,other
2,other,other
3,other,other
4,other,other
5,other,other
6,other,other
7,other,other
0,other,other
1,other,other
2,other,other
3,other,other
4,other,other
5,other,other
6,other,other
7,other,other
0,other,other
1,other,other
2,other,other
3,other,other
4,other,other
5,other,other
6,other,other
7,other,other
0,other,other
1,other,other
2,other,other
3,other,other
4,other,other
5,other,other
6,other,other
7,other,other
0,other,other
1,other,other
2,pack-ice,other
3,other,other
4,other,other
5,other,other
6,pack-ice,other
7,other,other
0,other,other
1,other,other
2,other,other
3,other,other
4,other,other
5,other,other
6,other,other
7,other,other
0,other,other
1,other,other
2,other,other
3,other,other
4,other,other
5,other,other
6,other,other
7,other,other
0,other,other
1,other,other
2,other,other
3,other,other
4,other,other
5,other,other
6,other,other
7,other,other
0,other,other
1,other,other
2,other,other
3,other,other
4,other,other
5,other,other
6,other,other
7,other,other
0,other,other
1,other,other
2,other,other
3,other,other
4,other,other
5,other,other
6,other,other
7,other,other
0,other,other
1,other,other
2,other,other
3,other,other
4,other,other
5,other,other
6,other,other
7,other,other
0,other,other
1,other,other
2,other,other
3,other,other
4,other,other
5,other,other
6,other,other
7,other,other
0,other,other
1,other,other
2,other,other
3,other,other
4,other,other
5,other,other
6,other,other
7,other,other
0,other,other
1,other,other
2,other,other
3,other,other
4,other,other
5,other,other
6,other,other
7,other,other
0,other,other
1,other,other
2,other,other
3,other,other
4,other,other
5,other,other
6,other,other
7,other,other
0,other,other
1,other,other
2,other,other
3,other,other
4,other,other
5,other,other
6,other,other
7,other,other
0,other,other
1,other,other
2,other,other
3,other,other
4,other,other
5,other,other
6,other,other
7,other,other
0,other,other
1,other,other
2,other,other
3,other,other
4,other,other
5,other,other
6,other,other
7,other,other
0,other,other
1,other,other
2,other,other
3,other,other
4,other,other
5,other,other
6,other,other
7,other,other
0,other,other
1,other,other
2,other,other
3,other,other
4,other,other
5,other,other
6,other,other
7,other,other
0,weddell,other
1,other,other
2,other,other
3,other,other
4,other,other
5,other,other
6,other,other
7,other,other
0,other,other
1,other,other
2,other,other
3,other,other
4,other,other
5,other,other
6,other,other
7,other,other
0,other,other
1,other,other
2,other,other
3,other,other
4,other,other
5,other,other
6,other,other
7,other,other
0,other,other
1,other,other
2,other,other
3,other,other
4,other,other
5,other,other
6,other,other
7,other,other
0,other,other
1,other,other
2,other,other
3,other,other
4,other,other
5,other,other
6,other,other
7,other,other
0,other,other
1,other,other
2,other,other
3,other,other
4,other,other
5,other,other
6,other,other
7,other,other
0,other,other
1,other,other
2,other,other
3,other,other
4,other,other
5,other,other
6,other,other
7,weddell,other
0,other,other
1,other,other
2,other,other
3,other,other
4,other,other
5,other,other
6,other,other
7,other,other
0,other,other
1,other,other
2,other,other
3,other,other
4,other,other
5,other,other
6,other,other
7,other,other
0,other,other
1,other,other
2,other,other
3,other,other
4,other,other
5,other,other
6,other,other
7,other,other
0,other,other
1,other,other
2,other,other
3,other,other
4,other,other
5,other,other
6,other,other
7,other,other
0,other,other
1,other,other
2,other,other
3,other,other
4,other,other
5,other,other
6,other,other
7,other,other
0,other,other
1,other,other
2,other,other
3,other,other
4,other,other
5,other,other
6,other,other
7,other,other
0,other,other
1,other,other
2,other,other
3,other,other
4,other,other
5,other,other
6,other,other
7,other,other
0,other,other
1,other,other
2,other,other
3,other,other
4,other,other
5,other,other
6,other,other
7,other,other
0,other,other
1,other,other
2,other,other
3,other,other
4,other,other
5,other,other
6,other,other
7,other,other
0,other,other
1,other,other
2,other,other
3,other,other
4,other,other
5,other,other
6,other,other
7,other,other
0,other,other
1,other,other
2,other,other
3,other,other
4,other,other
5,other,other
6,other,other
7,other,other
0,other,other
1,other,other
2,other,other
3,other,other
4,other,other
5,other,other
6,other,other
7,other,other
0,other,other
1,other,other
2,other,other
3,other,other
4,other,other
5,other,other
6,other,other
7,other,other
0,other,other
1,other,other
2,other,other
3,other,other
4,other,other
5,other,other
6,other,other
7,other,other
0,other,other
1,other,other
2,other,other
3,other,other
4,other,other
5,other,other
6,other,other
7,other,other
0,other,other
1,other,other
2,other,other
3,other,other
4,other,other
5,other,other
6,other,other
7,other,other
0,other,other
1,other,other
2,other,other
3,other,other
4,other,other
5,other,other
6,other,other
7,other,other
0,other,other
1,other,other
2,other,other
3,other,other
4,other,other
5,other,other
6,other,other
7,other,other
0,other,other
1,other,other
2,other,other
3,other,other
4,other,other
5,other,other
6,other,other
7,other,other
0,other,other
1,other,other
2,other,other
3,other,other
4,other,other
5,other,other
6,other,other
7,other,other
0,other,other
1,other,other
2,other,other
3,other,other
4,other,other
5,other,other
6,other,other
7,other,other
0,other,other
1,other,other
2,other,other
3,other,other
4,other,other
5,other,other
6,other,other
7,other,other
0,other,other
1,other,other
2,other,other
3,other,other
4,other,other
5,other,other
6,other,other
7,other,other
0,other,other
1,other,other
2,other,other
3,other,other
4,other,other
5,other,other
6,other,other
7,other,other
0,other,other
1,other,other
2,other,other
3,other,other
4,other,other
5,other,other
6,other,other
7,other,other
0,other,other
1,other,other
2,other,other
3,other,other
4,other,other
5,other,other
6,other,other
7,other,other
0,other,other
1,other,other
2,other,other
3,other,other
4,other,other
5,other,other
6,other,other
7,other,other
0,other,other
1,other,other
2,other,other
3,other,other
4,other,other
5,other,other
6,other,other
7,other,other
0,other,other
1,other,other
2,other,other
3,other,other
4,other,other
5,other,other
6,other,other
7,other,other
0,other,other
1,other,other
2,other,other
3,other,other
4,other,other
5,other,other
6,other,other
7,other,other
0,other,other
1,other,other
2,other,other
3,other,other
4,other,other
5,other,other
6,other,other
7,other,other
0,other,other
1,other,other
2,other,other
3,other,other
4,other,other
5,other,other
6,other,other
7,other,other
0,other,other
1,other,other
2,other,other
3,other,other
4,other,other
5,other,other
6,other,other
7,other,other
0,other,other
1,other,other
2,other,other
3,other,other
4,other,other
5,other,other
6,other,other
7,other,other
0,other,other
1,other,other
2,other,other
3,other,other
4,other,other
5,other,other
6,other,other
7,other,other
0,other,other
1,other,other
2,other,other
3,other,other
4,other,other
5,other,other
6,other,other
7,other,other
0,other,other
1,other,other
2,other,other
3,other,other
4,other,other
5,other,other
6,other,other
7,other,other
0,other,other
1,other,other
2,other,other
3,other,other
4,other,other
5,other,other
6,other,other
7,other,other
0,other,other
1,other,other
2,other,other
3,other,other
4,other,other
5,other,other
6,other,other
7,other,other
0,other,other
1,other,other
2,other,other
3,other,other
4,other,other
5,other,other
6,other,other
7,other,other
0,other,other
1,other,other
2,other,other
3,other,other
4,other,other
5,other,other
6,other,other
7,other,other
0,other,other
1,other,other
2,other,other
3,other,other
4,other,other
5,other,other
6,other,other
7,other,other
0,other,other
1,other,other
2,other,other
3,other,other
4,other,other
5,other,other
6,other,other
7,other,other
0,other,other
1,other,other
2,other,other
3,other,other
4,other,other
5,other,other
6,other,other
7,other,other
0,other,other
1,other,other
2,other,other
3,other,other
4,other,other
5,other,other
6,other,other
7,other,other
0,other,other
1,other,other
2,other,other
3,other,other
4,other,other
5,other,other
6,other,other
7,other,other
0,other,other
1,other,other
2,other,other
3,other,other
4,other,other
5,other,other
6,other,other
7,other,other
0,other,other
1,other,other
2,other,other
3,other,other
4,other,other
5,other,other
6,other,other
7,other,other
0,other,other
1,other,other
2,other,other
3,other,other
4,other,other
5,other,other
6,other,other
7,other,other
0,other,other
1,other,other
2,other,other
3,other,other
4,other,other
5,other,other
6,other,other
7,other,other
0,other,other
1,other,other
2,other,other
3,other,other
4,other,other
5,other,other
6,other,other
7,other,other
0,other,other
1,other,other
2,other,other
3,other,other
4,other,other
5,other,other
6,other,other
7,other,other
0,other,other
1,other,other
2,other,other
3,other,other
4,other,other
5,other,other
6,other,other
7,other,other
0,other,other
1,other,other
2,other,other
3,other,other
4,other,other
5,other,other
6,other,other
7,other,other
0,other,other
1,other,other
2,other,other
3,other,other
4,other,other
5,other,other
6,other,other
7,other,other
0,other,other
1,other,other
2,other,other
3,other,other
4,other,other
5,other,other
6,other,other
7,other,other
0,other,other
1,other,other
2,other,other
3,other,other
4,other,other
5,other,other
6,other,other
7,other,other
0,other,other
1,other,other
2,other,other
3,other,other
4,other,other
5,other,other
6,other,other
7,other,other
0,other,other
1,other,other
2,other,other
3,other,other
4,other,other
5,other,other
6,other,other
7,other,other
0,other,other
1,other,other
2,other,other
3,other,other
4,other,other
5,other,other
6,other,other
7,other,other
0,other,other
1,other,other
2,other,other
3,other,other
4,other,other
5,other,other
6,other,other
7,other,other
0,other,other
1,other,other
2,other,other
3,other,other
4,other,other
5,other,other
6,other,other
7,other,other
0,other,other
1,other,other
2,other,other
3,other,other
4,other,other
5,other,other
6,other,other
7,other,other
0,other,other
1,other,other
2,other,other
3,other,other
4,other,other
5,other,other
6,other,other
7,other,other
0,other,other
1,other,other
2,other,other
3,other,other
4,other,other
5,other,other
6,other,other
7,other,other
0,other,other
1,other,other
2,other,other
3,other,other
4,other,other
5,other,other
6,other,other
7,other,other
0,other,other
1,other,other
2,other,other
3,other,other
4,other,other
5,other,other
6,other,other
7,other,other
0,other,other
1,other,other
2,other,other
3,other,other
4,other,other
5,other,other
6,other,other
7,other,other
0,other,other
1,other,other
2,other,other
3,other,other
4,other,other
5,other,other
6,other,other
7,other,other
0,other,other
1,other,other
2,other,other
3,other,other
4,other,other
5,other,other
6,other,other
7,other,other
0,other,other
1,other,other
2,other,other
3,other,other
4,other,other
5,other,other
6,other,other
7,other,other
0,other,other
1,other,other
2,other,other
3,other,other
4,other,other
5,other,other
6,other,other
7,other,other
0,other,other
1,other,other
2,other,other
3,other,other
4,other,other
5,other,other
6,other,other
7,other,other
0,other,other
1,other,other
2,other,other
3,other,other
4,other,other
5,other,other
6,other,other
7,other,other
0,other,other
1,other,other
2,other,other
3,other,other
4,other,other
5,other,other
6,other,other
7,other,other
0,other,other
1,other,other
2,other,other
3,other,other
4,other,other
5,other,other
6,other,other
7,other,other
0,other,other
1,other,other
2,other,other
3,other,other
4,other,other
5,other,other
6,other,other
7,other,other
0,other,other
1,other,other
2,other,other
3,other,other
4,other,other
5,other,other
6,other,other
7,other,other
0,other,other
1,other,other
2,other,other
3,other,other
4,other,other
5,other,other
6,other,other
7,other,other
0,other,other
1,other,other
2,other,other
3,other,other
4,other,other
5,other,other
6,other,other
7,other,other
0,other,other
1,other,other
2,other,other
3,other,other
4,other,other
5,other,other
6,other,other
7,other,other
0,other,other
1,other,other
2,other,other
3,other,other
4,other,other
5,other,other
6,other,other
7,other,other
0,other,other
1,other,other
2,other,other
3,other,other
4,other,other
5,other,other
6,other,other
7,other,other
0,other,other
1,other,other
2,other,other
3,other,other
4,other,other
5,other,other
6,other,other
7,other,other
0,other,other
1,other,other
2,other,other
3,other,other
4,other,other
5,other,other
6,other,other
7,other,other
0,other,other
1,other,other
2,other,other
3,other,other
4,other,other
5,other,other
6,other,other
7,other,other
0,other,other
1,other,other
2,other,other
3,other,other
4,other,other
5,other,other
6,other,other
7,other,other
0,other,other
1,other,other
2,other,other
3,other,other
4,other,other
5,other,other
6,other,other
7,other,other
0,other,other
1,other,other
2,other,other
3,other,other
4,other,other
5,other,other
6,other,other
7,other,other
0,other,other
1,other,other
2,other,other
3,other,other
4,other,other
5,other,other
6,other,other
7,other,other
0,other,other
1,other,other
2,other,other
3,other,other
4,other,other
5,other,other
6,other,other
7,other,other
0,other,other
1,other,other
2,other,other
3,other,other
4,other,other
5,other,other
6,other,other
7,other,other
0,other,other
1,other,other
2,other,other
3,other,other
4,other,other
5,other,other
6,other,other
7,other,other
0,other,other
1,other,other
2,other,other
3,other,other
4,other,other
5,other,other
6,other,other
7,other,other
0,other,other
1,other,other
2,other,other
3,other,other
4,other,other
5,other,other
6,other,other
7,other,other
0,other,other
1,other,other
2,other,other
3,other,other
4,other,other
5,other,other
6,other,other
7,other,other
0,other,other
1,other,other
2,other,other
3,other,other
4,other,other
5,other,other
6,other,other
7,other,other
0,other,other
1,other,other
2,other,other
3,other,other
4,other,other
5,other,other
6,other,other
7,other,other
0,other,other
1,other,other
2,other,other
3,other,other
4,other,other
5,other,other
6,other,other
7,other,other
0,other,other
1,other,other
2,other,other
3,other,other
4,other,other
5,other,other
6,other,other
7,other,other
0,other,other
1,other,other
2,other,other
3,other,other
4,other,other
5,other,other
6,other,other
7,other,other
0,other,other
1,other,other
2,other,other
3,other,other
4,other,other
5,other,other
6,other,other
7,other,other
0,other,other
1,other,other
2,other,other
3,other,other
4,other,other
5,other,other
6,other,other
7,other,other
0,other,other
1,other,other
2,other,other
3,other,other
4,other,other
5,other,other
6,other,other
7,other,other
0,other,other
1,other,other
2,other,other
3,other,other
4,other,other
5,other,other
6,other,other
7,other,other
0,other,other
1,other,other
2,other,other
3,other,other
4,other,other
5,other,other
6,other,other
7,other,other
0,other,other
1,other,other
2,other,other
3,other,other
4,other,other
5,other,other
6,other,other
7,other,other
0,other,other
1,other,other
2,other,other
3,other,other
4,other,other
5,other,other
6,other,other
7,other,other
0,other,other
1,other,other
2,other,other
3,other,other
4,other,other
5,other,other
6,other,other
7,other,other
0,other,other
1,other,other
2,other,other
3,other,other
4,other,other
5,other,other
6,other,other
7,other,other
0,other,other
1,other,other
2,other,other
3,other,other
4,other,other
5,other,other
6,other,other
7,other,other
0,other,other
1,other,other
2,other,other
3,other,other
4,other,other
5,other,other
6,other,other
7,other,other
0,other,other
1,other,other
2,other,other
3,other,other
4,other,other
5,other,other
6,other,other
7,other,other
0,other,other
1,other,other
2,other,other
3,other,other
4,other,other
5,other,other
6,other,other
7,other,other
0,other,other
1,other,other
2,other,other
3,other,other
4,other,other
5,other,other
6,other,other
7,other,other
0,other,other
1,other,other
2,other,other
3,other,other
4,other,other
5,other,other
6,other,other
7,other,other
0,other,other
1,other,other
2,other,other
3,other,other
4,other,other
5,other,other
6,other,other
7,other,other
0,other,other
1,other,other
2,other,other
3,other,other
4,other,other
5,other,other
6,other,other
7,other,other
0,other,other
1,other,other
2,other,other
3,other,other
4,other,other
5,weddell,other
6,weddell,other
7,other,other
0,other,other
1,other,other
2,other,other
3,other,other
4,other,other
5,other,other
6,other,other
7,other,other
0,other,other
1,other,other
2,other,other
3,other,other
4,other,other
5,other,other
6,other,other
7,other,other
0,other,other
1,other,other
2,other,other
3,other,other
4,other,other
5,other,other
6,other,other
7,other,other
0,other,other
1,other,other
2,other,other
3,other,other
4,other,other
5,other,other
6,other,other
7,other,other
0,other,other
1,other,other
2,other,other
3,other,other
4,other,other
5,other,other
6,other,other
7,other,other
0,other,other
1,other,other
2,other,other
3,other,other
4,other,other
5,other,other
6,other,other
7,other,other
0,other,other
1,other,other
2,other,other
3,other,other
4,other,other
5,other,other
6,other,other
7,other,other
0,other,other
1,other,other
2,other,other
3,other,other
4,other,other
5,other,other
6,other,other
7,other,other
0,other,other
1,other,other
2,other,other
3,other,other
4,other,other
5,other,other
6,other,other
7,other,other
0,other,other
1,other,other
2,other,other
3,other,other
4,other,other
5,other,other
6,other,other
7,other,other
0,other,other
1,other,other
2,other,other
3,other,other
4,other,other
5,other,other
6,other,other
7,other,other
0,other,other
1,other,other
2,other,other
3,other,other
4,other,other
5,other,other
6,other,other
7,other,other
0,other,other
1,other,other
2,other,other
3,other,other
4,other,other
5,other,other
6,other,other
7,other,other
0,other,other
1,other,other
2,other,other
3,other,other
4,other,other
5,other,other
6,other,other
7,other,other
0,other,other
1,other,other
2,other,other
3,other,other
4,other,other
5,other,other
6,other,other
7,other,other
0,other,other
1,other,other
2,other,other
3,other,other
4,other,other
5,other,other
6,other,other
7,other,other
0,other,other
1,other,other
2,other,other
3,other,other
4,other,other
5,other,other
6,other,other
7,other,other
0,other,other
1,other,other
2,other,other
3,other,other
4,other,other
5,other,other
6,other,other
7,other,other
0,other,other
1,other,other
2,other,other
3,other,other
4,other,other
5,other,other
6,other,other
7,other,other
0,other,other
1,other,other
2,other,other
3,other,other
4,other,other
5,other,other
6,other,other
7,other,other
0,other,other
1,other,other
2,other,other
3,other,other
4,other,other
5,other,other
6,other,other
7,other,other
0,other,other
1,other,other
2,other,other
3,other,other
4,other,other
5,other,other
6,other,other
7,other,other
0,other,other
1,other,other
2,other,other
3,other,other
4,other,other
5,other,other
6,other,other
7,other,other
0,other,other
1,other,other
2,other,other
3,other,other
4,other,other
5,other,other
6,other,other
7,other,other
0,other,other
1,other,other
2,other,other
3,other,other
4,other,other
5,other,other
6,other,other
7,other,other
0,other,other
1,other,other
2,other,other
3,other,other
4,other,other
5,other,other
6,other,other
7,other,other
0,other,other
1,other,other
2,other,other
3,other,other
4,other,other
5,other,other
6,other,other
7,other,other
0,other,other
1,other,other
2,other,other
3,other,other
4,other,other
5,other,other
6,other,other
7,other,other
0,other,other
1,other,other
2,other,other
3,other,other
4,other,other
5,other,other
6,other,other
7,other,other
0,other,other
1,other,other
2,other,other
3,other,other
4,other,other
5,other,other
6,other,other
7,other,other
0,other,other
1,other,other
2,other,other
3,other,other
4,other,other
5,other,other
6,other,other
7,other,other
0,other,other
1,other,other
2,other,other
3,other,other
4,other,other
5,other,other
6,other,other
7,other,other
0,other,other
1,other,other
2,other,other
3,other,other
4,other,other
5,other,other
6,other,other
7,other,other
0,other,other
1,other,other
2,other,other
3,other,other
4,other,other
5,other,other
6,other,other
7,other,other
0,other,other
1,other,other
2,other,other
3,other,other
4,other,other
5,other,other
6,other,other
7,other,other
0,other,other
1,other,other
2,other,other
3,other,other
4,other,other
5,other,other
6,other,other
7,other,other
0,other,other
1,other,other
2,other,other
3,other,other
4,other,other
5,other,other
6,other,other
7,other,other
0,other,other
1,other,other
2,other,other
3,other,other
4,other,other
5,other,other
6,other,other
7,other,other
0,other,other
1,other,other
2,other,other
3,other,other
4,other,other
5,other,other
6,other,other
7,other,other
0,other,other
1,other,other
2,other,other
3,other,other
4,other,other
5,other,other
6,other,other
7,other,other
0,other,other
1,other,other
2,other,other
3,other,other
4,other,other
5,other,other
6,other,other
7,other,other
0,other,other
1,other,other
2,other,other
3,other,other
4,other,other
5,other,other
6,other,other
7,other,other
0,other,other
1,other,other
2,other,other
3,other,other
4,other,other
5,other,other
6,other,other
7,other,other
0,other,other
1,other,other
2,other,other
3,other,other
4,other,other
5,other,other
6,other,other
7,other,other
0,other,other
1,other,other
2,other,other
3,other,other
4,other,other
5,other,other
6,other,other
7,other,other
0,other,other
1,other,other
2,other,other
3,other,other
4,other,other
5,other,other
6,other,other
7,other,other
0,other,other
1,other,other
2,other,other
3,other,other
4,other,other
5,other,other
6,other,other
7,other,other
0,other,other
1,other,other
2,other,other
3,other,other
4,other,other
5,other,other
6,other,other
7,other,other
0,other,other
1,other,other
2,other,other
3,other,other
4,other,other
5,other,other
6,other,other
7,other,other
0,other,other
1,other,other
2,other,other
3,other,other
4,other,other
5,other,other
6,other,other
7,other,other
0,other,other
1,other,other
2,other,other
3,other,other
4,other,other
5,other,other
6,other,other
7,other,other
0,other,other
1,other,other
2,other,other
3,other,other
4,other,other
5,other,other
6,other,other
7,other,other
0,other,other
1,other,other
2,other,other
3,other,other
4,other,other
5,other,other
6,other,other
7,other,other
0,other,other
1,other,other
2,other,other
3,other,other
4,other,other
5,other,other
6,other,other
7,other,other
0,other,other
1,other,other
2,other,other
3,other,other
4,other,other
5,other,other
6,other,other
7,other,other
0,other,other
1,other,other
2,other,other
3,other,other
4,other,other
5,other,other
6,other,other
7,other,other
0,other,other
1,other,other
2,other,other
3,other,other
4,other,other
5,other,other
6,other,other
7,other,other
0,other,other
1,other,other
2,other,other
3,other,other
4,other,other
5,other,other
6,other,other
7,other,other
0,other,other
1,other,other
2,other,other
3,other,other
4,other,other
5,other,other
6,other,other
7,other,other
0,other,other
1,other,other
2,other,other
3,other,other
4,other,other
5,other,other
6,other,other
7,other,other
0,other,other
1,other,other
2,other,other
3,other,other
4,other,other
5,other,other
6,other,other
7,other,other
0,other,other
1,other,other
2,other,other
3,other,other
4,other,other
5,other,other
6,other,other
7,other,other
0,other,other
1,other,other
2,other,other
3,other,other
4,other,other
5,other,other
6,other,other
7,other,other
0,other,other
1,other,other
2,other,other
3,other,other
4,other,other
5,other,other
6,other,other
7,other,other
0,other,other
1,other,other
2,other,other
3,other,other
4,other,other
5,other,other
6,other,other
7,other,other
0,other,other
1,other,other
2,other,other
3,other,other
4,other,other
5,other,other
6,other,other
7,other,other
0,other,other
1,other,other
2,other,other
3,other,other
4,other,other
5,other,other
6,other,other
7,other,other
0,other,other
1,other,other
2,other,other
3,other,other
4,other,other
5,other,other
6,other,other
7,other,other
0,other,other
1,other,other
2,other,other
3,other,other
4,other,other
5,other,other
6,other,other
7,other,other
0,other,other
1,other,other
2,other,other
3,other,other
4,other,other
5,other,other
6,other,other
7,other,other
0,other,other
1,other,other
2,other,other
3,other,other
4,other,other
5,other,other
6,other,other
7,other,other
0,other,other
1,other,other
2,other,other
3,other,other
4,other,other
5,other,other
6,other,other
7,other,other
0,other,other
1,other,other
2,other,other
3,other,other
4,other,other
5,other,other
6,other,other
7,other,other
0,other,other
1,other,other
2,other,other
3,other,other
4,other,other
5,other,other
6,other,other
7,other,other
0,other,other
1,other,other
2,other,other
3,other,other
4,other,other
5,other,other
6,other,other
7,other,other
0,other,other
1,other,other
2,other,other
3,other,other
4,other,other
5,other,other
6,other,other
7,other,other
0,other,other
1,pack-ice,other
2,other,other
3,other,other
4,other,other
5,other,other
6,other,other
7,other,other
0,other,other
1,other,other
2,other,other
3,other,other
4,other,other
5,other,other
6,other,other
7,other,other
0,other,other
1,other,other
2,other,other
3,other,other
4,other,other
5,other,other
6,other,other
7,other,other
0,other,other
1,other,other
2,other,other
3,other,other
4,other,other
5,other,other
6,other,other
7,other,other
0,other,other
1,other,other
2,other,other
3,other,other
4,other,other
5,other,other
6,other,other
7,other,other
0,other,other
1,other,other
2,other,other
3,other,other
4,other,other
5,other,other
6,other,other
7,other,other
0,other,other
1,other,other
2,other,other
3,other,other
4,other,other
5,other,other
6,other,other
7,other,other
0,other,other
1,other,other
2,other,other
3,other,other
4,other,other
5,pack-ice,other
6,other,other
7,other,other
0,other,other
1,other,other
2,other,other
3,other,other
4,other,other
5,other,other
6,other,other
7,other,other
0,other,other
1,other,other
2,other,other
3,other,other
4,other,other
5,other,other
6,other,other
7,other,other
0,other,other
1,other,other
2,other,other
3,other,other
4,other,other
5,other,other
6,other,other
7,other,other
0,other,other
1,other,other
2,other,other
3,other,other
4,other,other
5,other,other
6,other,other
7,other,other
0,other,other
1,other,other
2,other,other
3,other,other
4,other,other
5,other,other
6,pack-ice,pack-ice
7,pack-ice,pack-ice
0,pack-ice,pack-ice
1,pack-ice,pack-ice
2,pack-ice,pack-ice
3,pack-ice,pack-ice
4,pack-ice,pack-ice
5,pack-ice,pack-ice
6,pack-ice,pack-ice
7,pack-ice,pack-ice
0,pack-ice,pack-ice
1,pack-ice,pack-ice
2,pack-ice,pack-ice
3,pack-ice,pack-ice
4,pack-ice,pack-ice
5,pack-ice,pack-ice
6,pack-ice,pack-ice
7,pack-ice,pack-ice
0,pack-ice,pack-ice
1,pack-ice,pack-ice
2,pack-ice,pack-ice
3,pack-ice,pack-ice
4,pack-ice,pack-ice
5,pack-ice,pack-ice
6,pack-ice,pack-ice
7,pack-ice,pack-ice
0,pack-ice,pack-ice
1,pack-ice,pack-ice
2,pack-ice,pack-ice
3,pack-ice,pack-ice
4,pack-ice,pack-ice
5,pack-ice,pack-ice
6,pack-ice,pack-ice
7,pack-ice,pack-ice
0,pack-ice,pack-ice
1,pack-ice,pack-ice
2,pack-ice,pack-ice
3,pack-ice,pack-ice
4,pack-ice,pack-ice
5,pack-ice,pack-ice
6,pack-ice,pack-ice
7,pack-ice,pack-ice
0,pack-ice,pack-ice
1,pack-ice,pack-ice
2,pack-ice,pack-ice
3,pack-ice,pack-ice
4,pack-ice,pack-ice
5,pack-ice,pack-ice
6,pack-ice,pack-ice
7,pack-ice,pack-ice
0,pack-ice,pack-ice
1,pack-ice,pack-ice
2,pack-ice,pack-ice
3,pack-ice,pack-ice
4,pack-ice,pack-ice
5,pack-ice,pack-ice
6,pack-ice,pack-ice
7,pack-ice,pack-ice
0,pack-ice,pack-ice
1,pack-ice,pack-ice
2,pack-ice,pack-ice
3,pack-ice,pack-ice
4,pack-ice,pack-ice
5,pack-ice,pack-ice
6,pack-ice,pack-ice
7,pack-ice,pack-ice
0,pack-ice,pack-ice
1,pack-ice,pack-ice
2,pack-ice,pack-ice
3,pack-ice,pack-ice
4,pack-ice,pack-ice
5,pack-ice,pack-ice
6,pack-ice,pack-ice
7,pack-ice,pack-ice
0,pack-ice,pack-ice
1,pack-ice,pack-ice
2,pack-ice,pack-ice
3,pack-ice,pack-ice
4,pack-ice,pack-ice
5,pack-ice,pack-ice
6,pack-ice,pack-ice
7,pack-ice,pack-ice
0,pack-ice,pack-ice
1,pack-ice,pack-ice
2,pack-ice,pack-ice
3,pack-ice,pack-ice
4,pack-ice,pack-ice
5,pack-ice,pack-ice
6,pack-ice,pack-ice
7,pack-ice,pack-ice
0,pack-ice,pack-ice
1,pack-ice,pack-ice
2,pack-ice,pack-ice
3,pack-ice,pack-ice
4,pack-ice,pack-ice
5,pack-ice,pack-ice
6,pack-ice,pack-ice
7,pack-ice,pack-ice
0,pack-ice,pack-ice
1,pack-ice,pack-ice
2,pack-ice,pack-ice
3,pack-ice,pack-ice
4,pack-ice,pack-ice
5,pack-ice,pack-ice
6,pack-ice,pack-ice
7,pack-ice,pack-ice
0,pack-ice,pack-ice
1,pack-ice,pack-ice
2,pack-ice,pack-ice
3,pack-ice,pack-ice
4,pack-ice,pack-ice
5,pack-ice,pack-ice
6,pack-ice,pack-ice
7,pack-ice,pack-ice
0,pack-ice,pack-ice
1,pack-ice,pack-ice
2,pack-ice,pack-ice
3,pack-ice,pack-ice
4,pack-ice,pack-ice
5,pack-ice,pack-ice
6,pack-ice,pack-ice
7,pack-ice,pack-ice
0,pack-ice,pack-ice
1,pack-ice,pack-ice
2,pack-ice,pack-ice
3,pack-ice,pack-ice
4,pack-ice,pack-ice
5,pack-ice,pack-ice
6,pack-ice,pack-ice
7,pack-ice,pack-ice
0,pack-ice,pack-ice
1,pack-ice,pack-ice
2,pack-ice,pack-ice
3,pack-ice,pack-ice
4,pack-ice,pack-ice
5,pack-ice,pack-ice
6,pack-ice,pack-ice
7,pack-ice,pack-ice
0,pack-ice,pack-ice
1,pack-ice,pack-ice
2,pack-ice,pack-ice
3,pack-ice,pack-ice
4,pack-ice,pack-ice
5,pack-ice,pack-ice
6,pack-ice,pack-ice
7,pack-ice,pack-ice
0,pack-ice,pack-ice
1,pack-ice,pack-ice
2,pack-ice,pack-ice
3,pack-ice,pack-ice
4,pack-ice,pack-ice
5,pack-ice,pack-ice
6,pack-ice,pack-ice
7,pack-ice,pack-ice
0,pack-ice,pack-ice
1,pack-ice,pack-ice
2,pack-ice,pack-ice
3,pack-ice,pack-ice
4,pack-ice,pack-ice
5,pack-ice,pack-ice
6,pack-ice,pack-ice
7,pack-ice,pack-ice
0,pack-ice,pack-ice
1,pack-ice,pack-ice
2,pack-ice,pack-ice
3,pack-ice,pack-ice
4,pack-ice,pack-ice
5,pack-ice,pack-ice
6,pack-ice,pack-ice
7,pack-ice,pack-ice
0,pack-ice,pack-ice
1,pack-ice,pack-ice
2,pack-ice,pack-ice
3,pack-ice,pack-ice
4,pack-ice,pack-ice
5,pack-ice,pack-ice
6,pack-ice,pack-ice
7,pack-ice,pack-ice
0,pack-ice,pack-ice
1,pack-ice,pack-ice
2,pack-ice,pack-ice
3,pack-ice,pack-ice
4,pack-ice,pack-ice
5,pack-ice,pack-ice
6,pack-ice,pack-ice
7,pack-ice,pack-ice
0,pack-ice,pack-ice
1,pack-ice,pack-ice
2,pack-ice,pack-ice
3,pack-ice,pack-ice
4,pack-ice,pack-ice
5,pack-ice,pack-ice
6,pack-ice,pack-ice
7,pack-ice,pack-ice
0,pack-ice,pack-ice
1,pack-ice,pack-ice
2,pack-ice,pack-ice
3,pack-ice,pack-ice
4,pack-ice,pack-ice
5,pack-ice,pack-ice
6,pack-ice,pack-ice
7,pack-ice,pack-ice
0,pack-ice,pack-ice
1,pack-ice,pack-ice
2,pack-ice,pack-ice
3,pack-ice,pack-ice
4,pack-ice,pack-ice
5,pack-ice,pack-ice
6,pack-ice,pack-ice
7,pack-ice,pack-ice
0,pack-ice,pack-ice
1,pack-ice,pack-ice
2,pack-ice,pack-ice
3,pack-ice,pack-ice
4,pack-ice,pack-ice
5,pack-ice,pack-ice
6,pack-ice,pack-ice
7,pack-ice,pack-ice
0,pack-ice,pack-ice
1,pack-ice,pack-ice
2,pack-ice,pack-ice
3,pack-ice,pack-ice
4,pack-ice,pack-ice
5,pack-ice,pack-ice
6,pack-ice,pack-ice
7,pack-ice,pack-ice
0,pack-ice,pack-ice
1,pack-ice,pack-ice
2,pack-ice,pack-ice
3,pack-ice,pack-ice
4,pack-ice,pack-ice
5,pack-ice,pack-ice
6,pack-ice,pack-ice
7,pack-ice,pack-ice
0,pack-ice,pack-ice
1,pack-ice,pack-ice
2,pack-ice,pack-ice
3,pack-ice,pack-ice
4,pack-ice,pack-ice
5,pack-ice,pack-ice
6,pack-ice,pack-ice
7,pack-ice,pack-ice
0,pack-ice,pack-ice
1,pack-ice,pack-ice
2,pack-ice,pack-ice
3,pack-ice,pack-ice
4,pack-ice,pack-ice
5,pack-ice,pack-ice
6,pack-ice,pack-ice
7,pack-ice,pack-ice
0,pack-ice,pack-ice
1,pack-ice,pack-ice
2,pack-ice,pack-ice
3,pack-ice,pack-ice
4,pack-ice,pack-ice
5,pack-ice,pack-ice
6,pack-ice,pack-ice
7,pack-ice,pack-ice
0,pack-ice,pack-ice
1,pack-ice,pack-ice
2,pack-ice,pack-ice
3,pack-ice,pack-ice
4,pack-ice,pack-ice
5,pack-ice,pack-ice
6,pack-ice,pack-ice
7,pack-ice,pack-ice
0,pack-ice,pack-ice
1,pack-ice,pack-ice
2,pack-ice,pack-ice
3,pack-ice,pack-ice
4,pack-ice,pack-ice
5,pack-ice,pack-ice
6,pack-ice,pack-ice
7,pack-ice,pack-ice
0,pack-ice,pack-ice
1,pack-ice,pack-ice
2,pack-ice,pack-ice
3,pack-ice,pack-ice
4,pack-ice,pack-ice
5,pack-ice,pack-ice
6,pack-ice,pack-ice
7,pack-ice,pack-ice
0,pack-ice,pack-ice
1,pack-ice,pack-ice
2,pack-ice,pack-ice
3,pack-ice,pack-ice
4,pack-ice,pack-ice
5,pack-ice,pack-ice
6,pack-ice,pack-ice
7,pack-ice,pack-ice
0,pack-ice,pack-ice
1,pack-ice,pack-ice
2,pack-ice,pack-ice
3,pack-ice,pack-ice
4,pack-ice,pack-ice
5,pack-ice,pack-ice
6,pack-ice,pack-ice
7,pack-ice,pack-ice
0,pack-ice,pack-ice
1,pack-ice,pack-ice
2,pack-ice,pack-ice
3,pack-ice,pack-ice
4,pack-ice,pack-ice
5,pack-ice,pack-ice
6,pack-ice,pack-ice
7,pack-ice,pack-ice
0,pack-ice,pack-ice
1,pack-ice,pack-ice
2,pack-ice,pack-ice
3,pack-ice,pack-ice
4,pack-ice,pack-ice
5,pack-ice,pack-ice
6,pack-ice,pack-ice
7,pack-ice,pack-ice
0,pack-ice,pack-ice
1,pack-ice,pack-ice
2,pack-ice,pack-ice
3,pack-ice,pack-ice
4,pack-ice,pack-ice
5,pack-ice,pack-ice
6,pack-ice,pack-ice
7,pack-ice,pack-ice
0,pack-ice,pack-ice
1,pack-ice,pack-ice
2,pack-ice,pack-ice
3,pack-ice,pack-ice
4,pack-ice,pack-ice
5,pack-ice,pack-ice
6,pack-ice,pack-ice
7,pack-ice,pack-ice
0,pack-ice,pack-ice
1,pack-ice,pack-ice
2,pack-ice,pack-ice
3,pack-ice,pack-ice
4,pack-ice,pack-ice
5,pack-ice,pack-ice
6,pack-ice,pack-ice
7,pack-ice,pack-ice
0,pack-ice,pack-ice
1,pack-ice,pack-ice
2,pack-ice,pack-ice
3,pack-ice,pack-ice
4,pack-ice,pack-ice
5,pack-ice,pack-ice
6,pack-ice,pack-ice
7,pack-ice,pack-ice
0,pack-ice,pack-ice
1,pack-ice,pack-ice
2,pack-ice,pack-ice
3,pack-ice,pack-ice
4,pack-ice,pack-ice
5,pack-ice,pack-ice
6,pack-ice,pack-ice
7,pack-ice,pack-ice
0,pack-ice,pack-ice
1,pack-ice,pack-ice
2,pack-ice,pack-ice
3,pack-ice,pack-ice
4,pack-ice,pack-ice
5,pack-ice,pack-ice
6,pack-ice,pack-ice
7,pack-ice,pack-ice
0,pack-ice,pack-ice
1,pack-ice,pack-ice
2,pack-ice,pack-ice
3,pack-ice,pack-ice
4,pack-ice,pack-ice
5,pack-ice,pack-ice
6,pack-ice,pack-ice
7,pack-ice,pack-ice
0,pack-ice,pack-ice
1,pack-ice,pack-ice
2,pack-ice,pack-ice
3,pack-ice,pack-ice
4,pack-ice,pack-ice
5,pack-ice,pack-ice
6,pack-ice,pack-ice
7,pack-ice,pack-ice
0,pack-ice,pack-ice
1,pack-ice,pack-ice
2,pack-ice,pack-ice
3,pack-ice,pack-ice
4,pack-ice,pack-ice
5,pack-ice,pack-ice
6,pack-ice,pack-ice
7,pack-ice,pack-ice
0,pack-ice,pack-ice
1,pack-ice,pack-ice
2,pack-ice,pack-ice
3,pack-ice,pack-ice
4,pack-ice,pack-ice
5,pack-ice,pack-ice
6,pack-ice,pack-ice
7,pack-ice,pack-ice
0,pack-ice,pack-ice
1,pack-ice,pack-ice
2,pack-ice,pack-ice
3,pack-ice,pack-ice
4,pack-ice,pack-ice
5,pack-ice,pack-ice
6,pack-ice,pack-ice
7,pack-ice,pack-ice
0,pack-ice,pack-ice
1,pack-ice,pack-ice
2,pack-ice,pack-ice
3,pack-ice,pack-ice
4,pack-ice,pack-ice
5,pack-ice,pack-ice
6,pack-ice,pack-ice
7,pack-ice,pack-ice
0,pack-ice,pack-ice
1,pack-ice,pack-ice
2,pack-ice,pack-ice
3,pack-ice,pack-ice
4,pack-ice,pack-ice
5,pack-ice,pack-ice
6,pack-ice,pack-ice
7,pack-ice,pack-ice
0,pack-ice,pack-ice
1,pack-ice,pack-ice
2,pack-ice,pack-ice
3,pack-ice,pack-ice
4,pack-ice,pack-ice
5,pack-ice,pack-ice
6,pack-ice,pack-ice
7,pack-ice,pack-ice
0,pack-ice,pack-ice
1,pack-ice,pack-ice
2,pack-ice,pack-ice
3,pack-ice,pack-ice
4,pack-ice,pack-ice
5,pack-ice,pack-ice
6,pack-ice,pack-ice
7,pack-ice,pack-ice
0,pack-ice,pack-ice
1,pack-ice,pack-ice
2,pack-ice,pack-ice
3,pack-ice,pack-ice
4,pack-ice,pack-ice
5,pack-ice,pack-ice
6,pack-ice,pack-ice
7,pack-ice,pack-ice
0,pack-ice,pack-ice
1,pack-ice,pack-ice
2,pack-ice,pack-ice
3,pack-ice,pack-ice
4,pack-ice,pack-ice
5,pack-ice,pack-ice
6,pack-ice,pack-ice
7,pack-ice,pack-ice
0,pack-ice,pack-ice
1,pack-ice,pack-ice
2,pack-ice,pack-ice
3,pack-ice,pack-ice
4,pack-ice,pack-ice
5,pack-ice,pack-ice
6,pack-ice,pack-ice
7,pack-ice,pack-ice
0,pack-ice,pack-ice
1,pack-ice,pack-ice
2,pack-ice,pack-ice
3,pack-ice,pack-ice
4,pack-ice,pack-ice
5,pack-ice,pack-ice
6,pack-ice,pack-ice
7,pack-ice,pack-ice
0,pack-ice,pack-ice
1,pack-ice,pack-ice
2,pack-ice,pack-ice
3,pack-ice,pack-ice
4,pack-ice,pack-ice
5,pack-ice,pack-ice
6,pack-ice,pack-ice
7,pack-ice,pack-ice
0,pack-ice,pack-ice
1,pack-ice,pack-ice
2,pack-ice,pack-ice
3,pack-ice,pack-ice
4,pack-ice,pack-ice
5,pack-ice,pack-ice
6,pack-ice,pack-ice
7,pack-ice,pack-ice
0,pack-ice,pack-ice
1,pack-ice,pack-ice
2,pack-ice,pack-ice
3,pack-ice,pack-ice
4,pack-ice,pack-ice
5,pack-ice,pack-ice
6,pack-ice,pack-ice
7,pack-ice,pack-ice
0,pack-ice,pack-ice
1,pack-ice,pack-ice
2,pack-ice,pack-ice
3,pack-ice,pack-ice
4,pack-ice,pack-ice
5,pack-ice,pack-ice
6,pack-ice,pack-ice
7,pack-ice,pack-ice
0,pack-ice,pack-ice
1,pack-ice,pack-ice
2,pack-ice,pack-ice
3,pack-ice,pack-ice
4,pack-ice,pack-ice
5,pack-ice,pack-ice
6,pack-ice,pack-ice
7,pack-ice,pack-ice
0,pack-ice,pack-ice
1,pack-ice,pack-ice
2,pack-ice,pack-ice
3,pack-ice,pack-ice
4,pack-ice,pack-ice
5,pack-ice,pack-ice
6,pack-ice,pack-ice
7,pack-ice,pack-ice
0,pack-ice,pack-ice
1,pack-ice,pack-ice
2,pack-ice,pack-ice
3,pack-ice,pack-ice
4,pack-ice,pack-ice
5,pack-ice,pack-ice
6,pack-ice,pack-ice
7,pack-ice,pack-ice
0,pack-ice,pack-ice
1,pack-ice,pack-ice
2,pack-ice,pack-ice
3,pack-ice,pack-ice
4,pack-ice,pack-ice
5,pack-ice,pack-ice
6,pack-ice,pack-ice
7,pack-ice,pack-ice
0,pack-ice,pack-ice
1,pack-ice,pack-ice
2,pack-ice,pack-ice
3,pack-ice,pack-ice
4,pack-ice,pack-ice
5,pack-ice,pack-ice
6,pack-ice,pack-ice
7,pack-ice,pack-ice
0,pack-ice,pack-ice
1,pack-ice,pack-ice
2,pack-ice,pack-ice
3,pack-ice,pack-ice
4,pack-ice,pack-ice
5,pack-ice,pack-ice
6,pack-ice,pack-ice
7,pack-ice,pack-ice
0,pack-ice,pack-ice
1,pack-ice,pack-ice
2,pack-ice,pack-ice
3,pack-ice,pack-ice
4,pack-ice,pack-ice
5,pack-ice,pack-ice
6,pack-ice,pack-ice
7,pack-ice,pack-ice
0,pack-ice,pack-ice
1,pack-ice,pack-ice
2,pack-ice,pack-ice
3,pack-ice,pack-ice
4,pack-ice,pack-ice
5,pack-ice,pack-ice
6,pack-ice,pack-ice
7,pack-ice,pack-ice
0,pack-ice,pack-ice
1,pack-ice,pack-ice
2,pack-ice,pack-ice
3,pack-ice,pack-ice
4,pack-ice,pack-ice
5,pack-ice,pack-ice
6,pack-ice,pack-ice
7,pack-ice,pack-ice
0,pack-ice,pack-ice
1,pack-ice,pack-ice
2,pack-ice,pack-ice
3,pack-ice,pack-ice
4,pack-ice,pack-ice
5,pack-ice,pack-ice
6,pack-ice,pack-ice
7,pack-ice,pack-ice
0,pack-ice,pack-ice
1,pack-ice,pack-ice
2,pack-ice,pack-ice
3,pack-ice,pack-ice
4,pack-ice,pack-ice
5,pack-ice,pack-ice
6,pack-ice,pack-ice
7,pack-ice,pack-ice
0,pack-ice,pack-ice
1,pack-ice,pack-ice
2,pack-ice,pack-ice
3,pack-ice,pack-ice
4,pack-ice,pack-ice
5,pack-ice,pack-ice
6,pack-ice,pack-ice
7,pack-ice,pack-ice
0,pack-ice,pack-ice
1,pack-ice,pack-ice
2,pack-ice,pack-ice
3,pack-ice,pack-ice
4,pack-ice,pack-ice
5,pack-ice,pack-ice
6,pack-ice,pack-ice
7,pack-ice,pack-ice
0,pack-ice,pack-ice
1,pack-ice,pack-ice
2,pack-ice,pack-ice
3,pack-ice,pack-ice
4,pack-ice,pack-ice
5,pack-ice,pack-ice
6,pack-ice,pack-ice
7,pack-ice,pack-ice
0,pack-ice,pack-ice
1,pack-ice,pack-ice
2,pack-ice,pack-ice
3,pack-ice,pack-ice
4,pack-ice,pack-ice
5,pack-ice,pack-ice
6,pack-ice,pack-ice
7,pack-ice,pack-ice
0,pack-ice,pack-ice
1,pack-ice,pack-ice
2,pack-ice,pack-ice
3,pack-ice,pack-ice
4,pack-ice,pack-ice
5,pack-ice,pack-ice
6,pack-ice,pack-ice
7,pack-ice,pack-ice
0,pack-ice,pack-ice
1,pack-ice,pack-ice
2,pack-ice,pack-ice
3,pack-ice,pack-ice
4,pack-ice,pack-ice
5,pack-ice,pack-ice
6,pack-ice,pack-ice
7,pack-ice,pack-ice
0,pack-ice,pack-ice
1,pack-ice,pack-ice
2,pack-ice,pack-ice
3,pack-ice,pack-ice
4,pack-ice,pack-ice
5,pack-ice,pack-ice
6,pack-ice,pack-ice
7,pack-ice,pack-ice
0,pack-ice,pack-ice
1,pack-ice,pack-ice
2,pack-ice,pack-ice
3,pack-ice,pack-ice
4,pack-ice,pack-ice
5,pack-ice,pack-ice
6,pack-ice,pack-ice
7,pack-ice,pack-ice
0,pack-ice,pack-ice
1,pack-ice,pack-ice
2,pack-ice,pack-ice
3,pack-ice,pack-ice
4,pack-ice,pack-ice
5,pack-ice,pack-ice
6,pack-ice,pack-ice
7,pack-ice,pack-ice
0,pack-ice,pack-ice
1,pack-ice,pack-ice
2,pack-ice,pack-ice
3,pack-ice,pack-ice
4,pack-ice,pack-ice
5,pack-ice,pack-ice
6,pack-ice,pack-ice
7,pack-ice,pack-ice
0,pack-ice,pack-ice
1,pack-ice,pack-ice
2,pack-ice,pack-ice
3,pack-ice,pack-ice
4,pack-ice,pack-ice
5,pack-ice,pack-ice
6,pack-ice,pack-ice
7,pack-ice,pack-ice
0,pack-ice,pack-ice
1,pack-ice,pack-ice
2,pack-ice,pack-ice
3,pack-ice,pack-ice
4,pack-ice,pack-ice
5,weddell,pack-ice
6,pack-ice,pack-ice
7,pack-ice,pack-ice
0,pack-ice,pack-ice
1,pack-ice,pack-ice
2,pack-ice,pack-ice
3,pack-ice,pack-ice
4,pack-ice,pack-ice
5,pack-ice,pack-ice
6,pack-ice,pack-ice
7,pack-ice,pack-ice
0,pack-ice,pack-ice
1,pack-ice,pack-ice
2,pack-ice,pack-ice
3,pack-ice,pack-ice
4,pack-ice,pack-ice
5,pack-ice,pack-ice
6,pack-ice,pack-ice
7,weddell,pack-ice
0,pack-ice,pack-ice
1,pack-ice,pack-ice
2,pack-ice,pack-ice
3,pack-ice,pack-ice
4,pack-ice,pack-ice
5,pack-ice,pack-ice
6,pack-ice,pack-ice
7,pack-ice,pack-ice
0,pack-ice,pack-ice
1,pack-ice,pack-ice
2,pack-ice,pack-ice
3,weddell,pack-ice
4,pack-ice,pack-ice
5,pack-ice,pack-ice
6,pack-ice,pack-ice
7,pack-ice,pack-ice
0,pack-ice,pack-ice
1,pack-ice,pack-ice
2,pack-ice,pack-ice
3,pack-ice,pack-ice
4,pack-ice,pack-ice
5,pack-ice,pack-ice
6,pack-ice,pack-ice
7,pack-ice,pack-ice
0,pack-ice,pack-ice
1,pack-ice,pack-ice
2,pack-ice,pack-ice
3,pack-ice,pack-ice
4,pack-ice,pack-ice
5,pack-ice,pack-ice
6,pack-ice,pack-ice
7,pack-ice,pack-ice
0,pack-ice,pack-ice
1,pack-ice,pack-ice
2,pack-ice,pack-ice
3,pack-ice,pack-ice
4,pack-ice,pack-ice
5,pack-ice,pack-ice
6,pack-ice,pack-ice
7,pack-ice,pack-ice
0,pack-ice,pack-ice
1,pack-ice,pack-ice
2,pack-ice,pack-ice
3,pack-ice,pack-ice
4,pack-ice,pack-ice
5,pack-ice,pack-ice
6,pack-ice,pack-ice
7,pack-ice,pack-ice
0,pack-ice,pack-ice
1,pack-ice,pack-ice
2,pack-ice,pack-ice
3,pack-ice,pack-ice
4,pack-ice,pack-ice
5,pack-ice,pack-ice
6,pack-ice,pack-ice
7,crabeater,pack-ice
0,pack-ice,pack-ice
1,pack-ice,pack-ice
2,pack-ice,pack-ice
3,pack-ice,pack-ice
4,pack-ice,pack-ice
5,pack-ice,pack-ice
6,pack-ice,pack-ice
7,pack-ice,pack-ice
0,pack-ice,pack-ice
1,pack-ice,pack-ice
2,pack-ice,pack-ice
3,pack-ice,pack-ice
4,pack-ice,pack-ice
5,pack-ice,pack-ice
6,pack-ice,pack-ice
7,pack-ice,pack-ice
0,pack-ice,pack-ice
1,pack-ice,pack-ice
2,pack-ice,pack-ice
3,pack-ice,pack-ice
4,pack-ice,pack-ice
5,pack-ice,pack-ice
6,pack-ice,pack-ice
7,pack-ice,pack-ice
0,pack-ice,pack-ice
1,pack-ice,pack-ice
2,pack-ice,pack-ice
3,pack-ice,pack-ice
4,pack-ice,pack-ice
5,pack-ice,pack-ice
6,pack-ice,pack-ice
7,pack-ice,pack-ice
0,pack-ice,pack-ice
1,pack-ice,pack-ice
2,pack-ice,pack-ice
3,pack-ice,pack-ice
4,pack-ice,pack-ice
5,pack-ice,pack-ice
6,pack-ice,pack-ice
7,pack-ice,pack-ice
0,emperor,pack-ice
1,pack-ice,pack-ice
2,pack-ice,pack-ice
3,pack-ice,pack-ice
4,pack-ice,pack-ice
5,pack-ice,pack-ice
6,pack-ice,pack-ice
7,pack-ice,pack-ice
0,pack-ice,pack-ice
1,pack-ice,pack-ice
2,pack-ice,pack-ice
3,pack-ice,pack-ice
4,pack-ice,pack-ice
5,pack-ice,pack-ice
6,pack-ice,pack-ice
7,pack-ice,pack-ice
0,pack-ice,pack-ice
1,emperor,pack-ice
2,pack-ice,pack-ice
3,pack-ice,pack-ice
4,pack-ice,pack-ice
5,pack-ice,pack-ice
6,pack-ice,pack-ice
7,emperor,pack-ice
0,pack-ice,pack-ice
1,pack-ice,pack-ice
2,pack-ice,pack-ice
3,pack-ice,pack-ice
4,pack-ice,pack-ice
5,pack-ice,pack-ice
6,pack-ice,pack-ice
7,emperor,pack-ice
0,pack-ice,pack-ice
1,pack-ice,pack-ice
2,pack-ice,pack-ice
3,pack-ice,pack-ice
4,pack-ice,pack-ice
5,pack-ice,pack-ice
6,pack-ice,pack-ice
7,pack-ice,pack-ice
0,pack-ice,pack-ice
1,pack-ice,pack-ice
2,pack-ice,pack-ice
3,pack-ice,pack-ice
4,pack-ice,pack-ice
5,pack-ice,pack-ice
6,pack-ice,pack-ice
7,pack-ice,pack-ice
0,pack-ice,pack-ice
1,pack-ice,pack-ice
2,pack-ice,pack-ice
3,pack-ice,pack-ice
4,pack-ice,pack-ice
5,pack-ice,pack-ice
6,pack-ice,pack-ice
7,emperor,pack-ice
0,pack-ice,pack-ice
1,pack-ice,pack-ice
2,pack-ice,pack-ice
3,pack-ice,pack-ice
4,pack-ice,pack-ice
5,pack-ice,pack-ice
6,pack-ice,pack-ice
7,pack-ice,pack-ice
0,pack-ice,pack-ice
1,pack-ice,pack-ice
2,pack-ice,pack-ice
3,pack-ice,pack-ice
4,pack-ice,pack-ice
5,pack-ice,pack-ice
6,pack-ice,pack-ice
7,pack-ice,pack-ice
0,pack-ice,pack-ice
1,pack-ice,pack-ice
2,pack-ice,pack-ice
3,pack-ice,pack-ice
4,pack-ice,pack-ice
5,pack-ice,pack-ice
6,pack-ice,pack-ice
7,pack-ice,pack-ice
0,pack-ice,pack-ice
1,pack-ice,pack-ice
2,pack-ice,pack-ice
3,pack-ice,pack-ice
4,pack-ice,pack-ice
5,pack-ice,pack-ice
6,pack-ice,pack-ice
7,pack-ice,pack-ice
0,pack-ice,pack-ice
1,pack-ice,pack-ice
2,pack-ice,pack-ice
3,pack-ice,pack-ice
4,pack-ice,pack-ice
5,pack-ice,pack-ice
6,pack-ice,pack-ice
7,pack-ice,pack-ice
0,pack-ice,pack-ice
1,pack-ice,pack-ice
2,pack-ice,pack-ice
3,pack-ice,pack-ice
4,emperor,pack-ice
5,pack-ice,pack-ice
6,emperor,pack-ice
7,pack-ice,pack-ice
0,pack-ice,pack-ice
1,pack-ice,pack-ice
2,pack-ice,pack-ice
3,pack-ice,pack-ice
4,pack-ice,pack-ice
5,pack-ice,pack-ice
6,pack-ice,pack-ice
7,pack-ice,pack-ice
0,pack-ice,pack-ice
1,pack-ice,pack-ice
2,pack-ice,pack-ice
3,pack-ice,pack-ice
4,emperor,pack-ice
5,emperor,pack-ice
6,pack-ice,pack-ice
7,pack-ice,pack-ice
0,pack-ice,pack-ice
1,pack-ice,pack-ice
2,pack-ice,pack-ice
3,pack-ice,pack-ice
4,pack-ice,pack-ice
5,pack-ice,pack-ice
6,pack-ice,pack-ice
7,pack-ice,pack-ice
0,pack-ice,pack-ice
1,pack-ice,pack-ice
2,pack-ice,pack-ice
3,pack-ice,pack-ice
4,pack-ice,pack-ice
5,pack-ice,pack-ice
6,pack-ice,pack-ice
7,pack-ice,pack-ice
0,pack-ice,pack-ice
1,pack-ice,pack-ice
2,pack-ice,pack-ice
3,pack-ice,pack-ice
4,pack-ice,pack-ice
5,pack-ice,pack-ice
6,pack-ice,pack-ice
7,pack-ice,pack-ice
0,pack-ice,pack-ice
1,pack-ice,pack-ice
2,pack-ice,pack-ice
3,pack-ice,pack-ice
4,pack-ice,pack-ice
5,pack-ice,pack-ice
6,pack-ice,pack-ice
7,pack-ice,pack-ice
0,pack-ice,pack-ice
1,pack-ice,pack-ice
2,pack-ice,pack-ice
3,pack-ice,pack-ice
4,pack-ice,pack-ice
5,pack-ice,pack-ice
6,pack-ice,pack-ice
7,pack-ice,pack-ice
0,pack-ice,pack-ice
1,pack-ice,pack-ice
2,pack-ice,pack-ice
3,pack-ice,pack-ice
4,pack-ice,pack-ice
5,pack-ice,pack-ice
6,crabeater,pack-ice
7,pack-ice,pack-ice
0,pack-ice,pack-ice
1,pack-ice,pack-ice
2,pack-ice,pack-ice
3,pack-ice,pack-ice
4,pack-ice,pack-ice
5,pack-ice,pack-ice
6,pack-ice,pack-ice
7,pack-ice,pack-ice
0,pack-ice,pack-ice
1,pack-ice,pack-ice
2,pack-ice,pack-ice
3,pack-ice,pack-ice
4,pack-ice,pack-ice
5,pack-ice,pack-ice
6,pack-ice,pack-ice
7,pack-ice,pack-ice
0,pack-ice,pack-ice
1,pack-ice,pack-ice
2,pack-ice,pack-ice
3,pack-ice,pack-ice
4,pack-ice,pack-ice
5,pack-ice,pack-ice
6,pack-ice,pack-ice
7,pack-ice,pack-ice
0,pack-ice,pack-ice
1,pack-ice,pack-ice
2,pack-ice,pack-ice
3,emperor,pack-ice
4,pack-ice,pack-ice
5,pack-ice,pack-ice
6,pack-ice,pack-ice
7,pack-ice,pack-ice
0,pack-ice,pack-ice
1,other,pack-ice
2,pack-ice,pack-ice
3,pack-ice,pack-ice
4,pack-ice,pack-ice
5,pack-ice,pack-ice
6,pack-ice,pack-ice
7,pack-ice,pack-ice
0,pack-ice,pack-ice
1,pack-ice,pack-ice
2,pack-ice,pack-ice
3,pack-ice,pack-ice
4,pack-ice,pack-ice
5,pack-ice,pack-ice
6,pack-ice,pack-ice
7,pack-ice,pack-ice
0,pack-ice,pack-ice
1,pack-ice,pack-ice
2,pack-ice,pack-ice
3,pack-ice,pack-ice
4,pack-ice,pack-ice
5,pack-ice,pack-ice
6,pack-ice,pack-ice
7,pack-ice,pack-ice
0,pack-ice,pack-ice
1,pack-ice,pack-ice
2,pack-ice,pack-ice
3,pack-ice,pack-ice
4,pack-ice,pack-ice
5,pack-ice,pack-ice
6,pack-ice,pack-ice
7,pack-ice,pack-ice
0,pack-ice,pack-ice
1,pack-ice,pack-ice
2,pack-ice,pack-ice
3,pack-ice,pack-ice
4,pack-ice,pack-ice
5,pack-ice,pack-ice
6,pack-ice,pack-ice
7,pack-ice,pack-ice
0,pack-ice,pack-ice
1,pack-ice,pack-ice
2,pack-ice,pack-ice
3,pack-ice,pack-ice
4,pack-ice,pack-ice
5,pack-ice,pack-ice
6,pack-ice,pack-ice
7,pack-ice,pack-ice
0,pack-ice,pack-ice
1,pack-ice,pack-ice
2,pack-ice,pack-ice
3,pack-ice,pack-ice
4,pack-ice,pack-ice
5,pack-ice,pack-ice
6,pack-ice,pack-ice
7,pack-ice,pack-ice
0,pack-ice,pack-ice
1,pack-ice,pack-ice
2,pack-ice,pack-ice
3,crabeater,pack-ice
4,crabeater,pack-ice
5,pack-ice,pack-ice
6,pack-ice,pack-ice
7,pack-ice,pack-ice
0,pack-ice,pack-ice
1,pack-ice,pack-ice
2,pack-ice,pack-ice
3,pack-ice,pack-ice
4,pack-ice,pack-ice
5,pack-ice,pack-ice
6,pack-ice,pack-ice
7,pack-ice,pack-ice
0,pack-ice,pack-ice
1,pack-ice,pack-ice
2,pack-ice,pack-ice
3,pack-ice,pack-ice
4,pack-ice,pack-ice
5,crabeater,pack-ice
6,pack-ice,pack-ice
7,pack-ice,pack-ice
0,pack-ice,pack-ice
1,pack-ice,pack-ice
2,pack-ice,pack-ice
3,pack-ice,pack-ice
4,pack-ice,pack-ice
5,pack-ice,pack-ice
6,pack-ice,pack-ice
7,pack-ice,pack-ice
0,pack-ice,pack-ice
1,pack-ice,pack-ice
2,pack-ice,pack-ice
3,pack-ice,pack-ice
4,pack-ice,pack-ice
5,pack-ice,pack-ice
6,pack-ice,pack-ice
7,pack-ice,pack-ice
0,pack-ice,pack-ice
1,pack-ice,pack-ice
2,pack-ice,pack-ice
3,pack-ice,pack-ice
4,pack-ice,pack-ice
5,pack-ice,pack-ice
6,pack-ice,pack-ice
7,pack-ice,pack-ice
0,pack-ice,pack-ice
1,pack-ice,pack-ice
2,pack-ice,pack-ice
3,pack-ice,pack-ice
4,pack-ice,pack-ice
5,pack-ice,pack-ice
6,pack-ice,pack-ice
7,pack-ice,pack-ice
0,pack-ice,pack-ice
1,pack-ice,pack-ice
2,pack-ice,pack-ice
3,pack-ice,pack-ice
4,pack-ice,pack-ice
5,pack-ice,pack-ice
6,pack-ice,pack-ice
7,pack-ice,pack-ice
0,pack-ice,pack-ice
1,pack-ice,pack-ice
2,pack-ice,pack-ice
3,pack-ice,pack-ice
4,pack-ice,pack-ice
5,pack-ice,pack-ice
6,pack-ice,pack-ice
7,pack-ice,pack-ice
0,pack-ice,pack-ice
1,pack-ice,pack-ice
2,pack-ice,pack-ice
3,crabeater,pack-ice
4,pack-ice,pack-ice
5,pack-ice,pack-ice
6,pack-ice,pack-ice
7,pack-ice,pack-ice
0,pack-ice,pack-ice
1,pack-ice,pack-ice
2,pack-ice,pack-ice
3,pack-ice,pack-ice
4,pack-ice,pack-ice
5,pack-ice,pack-ice
6,pack-ice,pack-ice
7,pack-ice,pack-ice
0,pack-ice,pack-ice
1,pack-ice,pack-ice
2,pack-ice,pack-ice
3,pack-ice,pack-ice
4,pack-ice,pack-ice
5,pack-ice,pack-ice
6,pack-ice,pack-ice
7,pack-ice,pack-ice
0,pack-ice,pack-ice
1,pack-ice,pack-ice
2,pack-ice,pack-ice
3,pack-ice,pack-ice
4,pack-ice,pack-ice
5,pack-ice,pack-ice
6,pack-ice,pack-ice
7,pack-ice,pack-ice
0,pack-ice,pack-ice
1,pack-ice,pack-ice
2,pack-ice,pack-ice
3,pack-ice,pack-ice
4,pack-ice,pack-ice
5,pack-ice,pack-ice
6,pack-ice,pack-ice
7,pack-ice,pack-ice
0,pack-ice,pack-ice
1,pack-ice,pack-ice
2,pack-ice,pack-ice
3,pack-ice,pack-ice
4,pack-ice,pack-ice
5,pack-ice,pack-ice
6,pack-ice,pack-ice
7,crabeater,pack-ice
0,pack-ice,pack-ice
1,pack-ice,pack-ice
2,pack-ice,pack-ice
3,pack-ice,pack-ice
4,pack-ice,pack-ice
5,pack-ice,pack-ice
6,pack-ice,pack-ice
7,pack-ice,pack-ice
0,pack-ice,pack-ice
1,pack-ice,pack-ice
2,pack-ice,pack-ice
3,pack-ice,pack-ice
4,pack-ice,pack-ice
5,pack-ice,pack-ice
6,pack-ice,pack-ice
7,pack-ice,pack-ice
0,pack-ice,pack-ice
1,pack-ice,pack-ice
2,pack-ice,pack-ice
3,pack-ice,pack-ice
4,pack-ice,pack-ice
5,pack-ice,pack-ice
6,pack-ice,pack-ice
7,pack-ice,pack-ice
0,pack-ice,pack-ice
1,pack-ice,pack-ice
2,pack-ice,pack-ice
3,pack-ice,pack-ice
4,pack-ice,pack-ice
5,pack-ice,pack-ice
6,pack-ice,pack-ice
7,pack-ice,pack-ice
0,pack-ice,pack-ice
1,pack-ice,pack-ice
2,pack-ice,pack-ice
3,pack-ice,pack-ice
4,pack-ice,pack-ice
5,pack-ice,pack-ice
6,pack-ice,pack-ice
7,pack-ice,pack-ice
0,pack-ice,pack-ice
1,pack-ice,pack-ice
2,pack-ice,pack-ice
3,pack-ice,pack-ice
4,pack-ice,pack-ice
5,pack-ice,pack-ice
6,pack-ice,pack-ice
7,pack-ice,pack-ice
0,pack-ice,pack-ice
1,pack-ice,pack-ice
2,pack-ice,pack-ice
3,pack-ice,pack-ice
4,crabeater,pack-ice
5,pack-ice,pack-ice
6,pack-ice,pack-ice
7,pack-ice,pack-ice
0,pack-ice,pack-ice
1,pack-ice,pack-ice
2,pack-ice,pack-ice
3,pack-ice,pack-ice
4,pack-ice,pack-ice
5,pack-ice,pack-ice
6,pack-ice,pack-ice
7,pack-ice,pack-ice
0,pack-ice,pack-ice
1,pack-ice,pack-ice
2,pack-ice,pack-ice
3,pack-ice,pack-ice
4,pack-ice,pack-ice
5,pack-ice,pack-ice
6,pack-ice,pack-ice
7,crabeater,pack-ice
0,pack-ice,pack-ice
1,pack-ice,pack-ice
2,pack-ice,pack-ice
3,pack-ice,pack-ice
4,pack-ice,pack-ice
5,pack-ice,pack-ice
6,pack-ice,pack-ice
7,pack-ice,pack-ice
0,pack-ice,pack-ice
1,pack-ice,pack-ice
2,other,weddell
3,other,weddell
4,other,weddell
5,weddell,weddell
6,weddell,weddell
7,weddell,weddell
0,weddell,weddell
1,weddell,weddell
2,weddell,weddell
3,weddell,weddell
4,weddell,weddell
5,weddell,weddell
6,weddell,weddell
7,weddell,weddell
0,weddell,weddell
1,weddell,weddell
2,weddell,weddell
3,weddell,weddell
4,weddell,weddell
5,weddell,weddell
6,weddell,weddell
7,weddell,weddell
0,weddell,weddell
1,weddell,weddell
2,weddell,weddell
3,weddell,weddell
4,weddell,weddell
5,weddell,weddell
6,weddell,weddell
7,weddell,weddell
0,weddell,weddell
1,weddell,weddell
2,weddell,weddell
3,weddell,weddell
4,emperor,weddell
5,weddell,weddell
6,weddell,weddell
7,emperor,weddell
0,emperor,weddell
1,emperor,weddell
2,weddell,weddell
3,emperor,weddell
4,other,weddell
5,other,weddell
6,other,weddell
7,other,weddell
0,other,weddell
1,other,weddell
2,other,weddell
3,other,weddell
4,other,weddell
5,other,weddell
6,weddell,weddell
7,weddell,weddell
0,weddell,weddell
1,weddell,weddell
2,weddell,weddell
3,weddell,weddell
4,weddell,weddell
5,weddell,weddell
6,weddell,weddell
7,weddell,weddell
0,weddell,weddell
1,other,weddell
2,other,weddell
3,other,weddell
4,other,weddell
5,other,weddell
6,other,weddell
7,weddell,weddell
0,weddell,weddell
1,weddell,weddell
2,weddell,weddell
3,weddell,weddell
4,weddell,weddell
5,weddell,weddell
6,weddell,weddell
7,weddell,weddell
0,weddell,weddell
1,weddell,weddell
2,weddell,weddell
3,weddell,weddell
4,weddell,weddell
5,weddell,weddell
6,weddell,weddell
7,weddell,weddell
0,weddell,weddell
1,weddell,weddell
2,weddell,weddell
3,weddell,weddell
4,weddell,weddell
5,weddell,weddell
6,weddell,weddell
7,weddell,weddell
0,weddell,weddell
1,weddell,weddell
